2026-03-14 18:59:38,143 [Worker-3: Loading available Gradle versions] INFO  o.e.b.c.i.u.g.PublishedGradleVersions - Gradle version information cache is out-of-date. Trying to update.
2026-03-16 18:21:22,489 [Worker-3: Loading available Gradle versions] INFO  o.e.b.c.i.u.g.PublishedGradleVersions - Gradle version information cache is out-of-date. Trying to update.
2026-03-16 19:32:29,193 [ModalContext] INFO  o.e.m.c.i.e.AbstractTransferListenerAdapter - Downloading https://repo1.maven.org/maven2/org/apache/maven/archetypes/maven-archetype-quickstart/1.5/maven-archetype-quickstart-1.5.jar
2026-03-16 19:32:30,264 [ModalContext] INFO  o.e.m.c.i.e.AbstractTransferListenerAdapter - Downloaded https://repo1.maven.org/maven2/org/apache/maven/archetypes/maven-archetype-quickstart/1.5/maven-archetype-quickstart-1.5.jar
2026-03-16 19:32:30,605 [ModalContext] INFO  o.e.m.c.i.e.AbstractTransferListenerAdapter - Downloaded https://repo1.maven.org/maven2/org/apache/maven/archetypes/maven-archetype-quickstart/1.5/maven-archetype-quickstart-1.5.pom
2026-03-16 19:34:17,290 [Worker-43: Creating maven-archetype-quickstart] INFO  o.e.m.c.i.p.ProjectConfigurationManager - Collecting project info '/pom.xml' C:\Users\Aruna Vishvanathan\eclipse-workspace\sdetproject\pom.xml
2026-03-16 19:34:18,330 [Worker-43: Creating maven-archetype-quickstart] INFO  o.e.m.c.i.e.AbstractTransferListenerAdapter - Downloaded https://repo.maven.apache.org/maven2/org/junit/junit-bom/5.11.0/junit-bom-5.11.0.pom
2026-03-16 19:34:24,977 [Worker-43: Creating maven-archetype-quickstart] INFO  o.e.m.c.i.e.AbstractTransferListenerAdapter - Downloading https://repo.maven.apache.org/maven2/org/apache/maven/plugins/maven-clean-plugin/3.4.0/maven-clean-plugin-3.4.0.jar
2026-03-16 19:34:25,951 [Worker-43: Creating maven-archetype-quickstart] INFO  o.e.m.c.i.e.AbstractTransferListenerAdapter - Downloaded https://repo.maven.apache.org/maven2/org/apache/maven/plugins/maven-clean-plugin/3.4.0/maven-clean-plugin-3.4.0.jar
2026-03-16 19:34:26,768 [Worker-43: Creating maven-archetype-quickstart] INFO  o.e.m.c.i.e.AbstractTransferListenerAdapter - Downloading https://repo.maven.apache.org/maven2/org/apache/maven/plugins/maven-resources-plugin/3.3.1/maven-resources-plugin-3.3.1.jar
2026-03-16 19:34:27,554 [Worker-43: Creating maven-archetype-quickstart] INFO  o.e.m.c.i.e.AbstractTransferListenerAdapter - Downloaded https://repo.maven.apache.org/maven2/org/apache/maven/plugins/maven-resources-plugin/3.3.1/maven-resources-plugin-3.3.1.jar
2026-03-16 19:34:28,251 [Worker-43: Creating maven-archetype-quickstart] INFO  o.e.m.c.i.e.AbstractTransferListenerAdapter - Downloading https://repo.maven.apache.org/maven2/org/apache/maven/plugins/maven-compiler-plugin/3.13.0/maven-compiler-plugin-3.13.0.jar
2026-03-16 19:34:28,510 [Worker-43: Creating maven-archetype-quickstart] INFO  o.e.m.c.i.e.AbstractTransferListenerAdapter - Downloaded https://repo.maven.apache.org/maven2/org/apache/maven/plugins/maven-compiler-plugin/3.13.0/maven-compiler-plugin-3.13.0.jar
2026-03-16 19:34:28,697 [Worker-43: Creating maven-archetype-quickstart] INFO  o.e.m.c.i.e.AbstractTransferListenerAdapter - Downloading https://repo.maven.apache.org/maven2/org/apache/maven/plugins/maven-surefire-plugin/3.3.0/maven-surefire-plugin-3.3.0.jar
2026-03-16 19:34:29,320 [Worker-43: Creating maven-archetype-quickstart] INFO  o.e.m.c.i.e.AbstractTransferListenerAdapter - Downloaded https://repo.maven.apache.org/maven2/org/apache/maven/plugins/maven-surefire-plugin/3.3.0/maven-surefire-plugin-3.3.0.jar
2026-03-16 19:34:29,825 [Worker-43: Creating maven-archetype-quickstart] INFO  o.e.m.c.i.e.AbstractTransferListenerAdapter - Downloading https://repo.maven.apache.org/maven2/org/apache/maven/plugins/maven-jar-plugin/3.4.2/maven-jar-plugin-3.4.2.jar
2026-03-16 19:34:30,603 [Worker-43: Creating maven-archetype-quickstart] INFO  o.e.m.c.i.e.AbstractTransferListenerAdapter - Downloaded https://repo.maven.apache.org/maven2/org/apache/maven/plugins/maven-jar-plugin/3.4.2/maven-jar-plugin-3.4.2.jar
2026-03-16 19:34:31,334 [Worker-43: Creating maven-archetype-quickstart] INFO  o.e.m.c.i.e.AbstractTransferListenerAdapter - Downloading https://repo.maven.apache.org/maven2/org/apache/maven/plugins/maven-install-plugin/3.1.2/maven-install-plugin-3.1.2.jar
2026-03-16 19:34:32,004 [Worker-43: Creating maven-archetype-quickstart] INFO  o.e.m.c.i.e.AbstractTransferListenerAdapter - Downloaded https://repo.maven.apache.org/maven2/org/apache/maven/plugins/maven-install-plugin/3.1.2/maven-install-plugin-3.1.2.jar
2026-03-16 19:34:32,657 [Worker-43: Creating maven-archetype-quickstart] INFO  o.e.m.c.i.e.AbstractTransferListenerAdapter - Downloading https://repo.maven.apache.org/maven2/org/apache/maven/plugins/maven-deploy-plugin/3.1.2/maven-deploy-plugin-3.1.2.jar
2026-03-16 19:34:33,258 [Worker-56: reload maven project] INFO  o.e.m.c.i.e.AbstractTransferListenerAdapter - Downloaded https://repo.maven.apache.org/maven2/org/junit/jupiter/junit-jupiter-api/5.11.0/junit-jupiter-api-5.11.0.pom
2026-03-16 19:34:33,586 [Worker-43: Creating maven-archetype-quickstart] INFO  o.e.m.c.i.e.AbstractTransferListenerAdapter - Downloaded https://repo.maven.apache.org/maven2/org/apache/maven/plugins/maven-deploy-plugin/3.1.2/maven-deploy-plugin-3.1.2.jar
2026-03-16 19:34:33,676 [Worker-56: reload maven project] INFO  o.e.m.c.i.e.AbstractTransferListenerAdapter - Downloaded https://repo.maven.apache.org/maven2/org/opentest4j/opentest4j/1.3.0/opentest4j-1.3.0.pom
2026-03-16 19:34:34,163 [Worker-56: reload maven project] INFO  o.e.m.c.i.e.AbstractTransferListenerAdapter - Downloaded https://repo.maven.apache.org/maven2/org/junit/platform/junit-platform-commons/1.11.0/junit-platform-commons-1.11.0.pom
2026-03-16 19:34:34,360 [Worker-43: Creating maven-archetype-quickstart] INFO  o.e.m.c.i.e.AbstractTransferListenerAdapter - Downloading https://repo.maven.apache.org/maven2/org/apache/maven/plugins/maven-site-plugin/3.12.1/maven-site-plugin-3.12.1.jar
2026-03-16 19:34:34,554 [Worker-56: reload maven project] INFO  o.e.m.c.i.e.AbstractTransferListenerAdapter - Downloaded https://repo.maven.apache.org/maven2/org/apiguardian/apiguardian-api/1.1.2/apiguardian-api-1.1.2.pom
2026-03-16 19:34:34,677 [Worker-43: Creating maven-archetype-quickstart] INFO  o.e.m.c.i.e.AbstractTransferListenerAdapter - Downloaded https://repo.maven.apache.org/maven2/org/apache/maven/plugins/maven-site-plugin/3.12.1/maven-site-plugin-3.12.1.jar
2026-03-16 19:34:35,254 [Worker-56: reload maven project] INFO  o.e.m.c.i.e.AbstractTransferListenerAdapter - Downloaded https://repo.maven.apache.org/maven2/org/junit/jupiter/junit-jupiter-params/5.11.0/junit-jupiter-params-5.11.0.pom
2026-03-16 19:34:35,377 [Worker-43: Creating maven-archetype-quickstart] INFO  o.e.m.c.i.e.AbstractTransferListenerAdapter - Downloaded https://repo.maven.apache.org/maven2/org/apache/maven/plugins/maven-compiler-plugin/3.13.0/maven-compiler-plugin-3.13.0.pom
2026-03-16 19:34:35,386 [AetherRepositoryConnector-repo.maven.apache.org-0-0] INFO  o.e.m.c.i.e.AbstractTransferListenerAdapter - Downloading https://repo.maven.apache.org/maven2/org/junit/jupiter/junit-jupiter-api/5.11.0/junit-jupiter-api-5.11.0.jar
2026-03-16 19:34:35,436 [AetherRepositoryConnector-repo.maven.apache.org-0-3] INFO  o.e.m.c.i.e.AbstractTransferListenerAdapter - Downloading https://repo.maven.apache.org/maven2/org/apiguardian/apiguardian-api/1.1.2/apiguardian-api-1.1.2.jar
2026-03-16 19:34:35,444 [AetherRepositoryConnector-repo.maven.apache.org-0-4] INFO  o.e.m.c.i.e.AbstractTransferListenerAdapter - Downloading https://repo.maven.apache.org/maven2/org/junit/jupiter/junit-jupiter-params/5.11.0/junit-jupiter-params-5.11.0.jar
2026-03-16 19:34:35,452 [AetherRepositoryConnector-repo.maven.apache.org-0-2] INFO  o.e.m.c.i.e.AbstractTransferListenerAdapter - Downloading https://repo.maven.apache.org/maven2/org/junit/platform/junit-platform-commons/1.11.0/junit-platform-commons-1.11.0.jar
2026-03-16 19:34:35,461 [AetherRepositoryConnector-repo.maven.apache.org-0-1] INFO  o.e.m.c.i.e.AbstractTransferListenerAdapter - Downloading https://repo.maven.apache.org/maven2/org/opentest4j/opentest4j/1.3.0/opentest4j-1.3.0.jar
2026-03-16 19:34:35,691 [AetherRepositoryConnector-repo.maven.apache.org-0-2] INFO  o.e.m.c.i.e.AbstractTransferListenerAdapter - Downloaded https://repo.maven.apache.org/maven2/org/junit/platform/junit-platform-commons/1.11.0/junit-platform-commons-1.11.0.jar
2026-03-16 19:34:35,728 [AetherRepositoryConnector-repo.maven.apache.org-0-0] INFO  o.e.m.c.i.e.AbstractTransferListenerAdapter - Downloaded https://repo.maven.apache.org/maven2/org/junit/jupiter/junit-jupiter-api/5.11.0/junit-jupiter-api-5.11.0.jar
2026-03-16 19:34:35,742 [AetherRepositoryConnector-repo.maven.apache.org-0-4] INFO  o.e.m.c.i.e.AbstractTransferListenerAdapter - Downloaded https://repo.maven.apache.org/maven2/org/junit/jupiter/junit-jupiter-params/5.11.0/junit-jupiter-params-5.11.0.jar
2026-03-16 19:34:35,748 [Worker-43: Creating maven-archetype-quickstart] INFO  o.e.m.c.i.e.AbstractTransferListenerAdapter - Downloaded https://repo.maven.apache.org/maven2/org/apache/maven/plugins/maven-plugins/41/maven-plugins-41.pom
2026-03-16 19:34:35,885 [AetherRepositoryConnector-repo.maven.apache.org-0-3] INFO  o.e.m.c.i.e.AbstractTransferListenerAdapter - Downloaded https://repo.maven.apache.org/maven2/org/apiguardian/apiguardian-api/1.1.2/apiguardian-api-1.1.2.jar
2026-03-16 19:34:36,038 [Worker-43: Creating maven-archetype-quickstart] INFO  o.e.m.c.i.e.AbstractTransferListenerAdapter - Downloaded https://repo.maven.apache.org/maven2/org/apache/maven/maven-parent/41/maven-parent-41.pom
2026-03-16 19:34:36,060 [AetherRepositoryConnector-repo.maven.apache.org-0-1] INFO  o.e.m.c.i.e.AbstractTransferListenerAdapter - Downloaded https://repo.maven.apache.org/maven2/org/opentest4j/opentest4j/1.3.0/opentest4j-1.3.0.jar
2026-03-16 19:34:36,355 [Worker-43: Creating maven-archetype-quickstart] INFO  o.e.m.c.i.e.AbstractTransferListenerAdapter - Downloaded https://repo.maven.apache.org/maven2/org/apache/apache/31/apache-31.pom
2026-03-16 19:34:36,810 [Worker-43: Creating maven-archetype-quickstart] INFO  o.e.m.c.i.e.AbstractTransferListenerAdapter - Downloaded https://repo.maven.apache.org/maven2/org/apache/maven/shared/maven-shared-utils/3.4.2/maven-shared-utils-3.4.2.pom
2026-03-16 19:34:37,081 [Worker-43: Creating maven-archetype-quickstart] INFO  o.e.m.c.i.e.AbstractTransferListenerAdapter - Downloaded https://repo.maven.apache.org/maven2/org/apache/maven/shared/maven-shared-components/39/maven-shared-components-39.pom
2026-03-16 19:34:37,347 [Worker-43: Creating maven-archetype-quickstart] INFO  o.e.m.c.i.e.AbstractTransferListenerAdapter - Downloaded https://repo.maven.apache.org/maven2/org/apache/maven/maven-parent/39/maven-parent-39.pom
2026-03-16 19:34:37,615 [Worker-43: Creating maven-archetype-quickstart] INFO  o.e.m.c.i.e.AbstractTransferListenerAdapter - Downloaded https://repo.maven.apache.org/maven2/org/apache/apache/29/apache-29.pom
2026-03-16 19:34:38,011 [Worker-43: Creating maven-archetype-quickstart] INFO  o.e.m.c.i.e.AbstractTransferListenerAdapter - Downloaded https://repo.maven.apache.org/maven2/org/slf4j/slf4j-api/1.7.36/slf4j-api-1.7.36.pom
2026-03-16 19:34:38,365 [Worker-43: Creating maven-archetype-quickstart] INFO  o.e.m.c.i.e.AbstractTransferListenerAdapter - Downloaded https://repo.maven.apache.org/maven2/org/slf4j/slf4j-parent/1.7.36/slf4j-parent-1.7.36.pom
2026-03-16 19:34:38,647 [Worker-43: Creating maven-archetype-quickstart] INFO  o.e.m.c.i.e.AbstractTransferListenerAdapter - Downloaded https://repo.maven.apache.org/maven2/commons-io/commons-io/2.11.0/commons-io-2.11.0.pom
2026-03-16 19:34:38,913 [Worker-43: Creating maven-archetype-quickstart] INFO  o.e.m.c.i.e.AbstractTransferListenerAdapter - Downloaded https://repo.maven.apache.org/maven2/org/apache/commons/commons-parent/52/commons-parent-52.pom
2026-03-16 19:34:39,209 [Worker-43: Creating maven-archetype-quickstart] INFO  o.e.m.c.i.e.AbstractTransferListenerAdapter - Downloaded https://repo.maven.apache.org/maven2/org/apache/apache/23/apache-23.pom
2026-03-16 19:34:39,538 [Worker-43: Creating maven-archetype-quickstart] INFO  o.e.m.c.i.e.AbstractTransferListenerAdapter - Downloaded https://repo.maven.apache.org/maven2/org/junit/junit-bom/5.7.2/junit-bom-5.7.2.pom
2026-03-16 19:34:40,253 [Worker-43: Creating maven-archetype-quickstart] INFO  o.e.m.c.i.e.AbstractTransferListenerAdapter - Downloaded https://repo.maven.apache.org/maven2/org/codehaus/plexus/plexus-java/1.2.0/plexus-java-1.2.0.pom
2026-03-16 19:34:40,574 [Worker-43: Creating maven-archetype-quickstart] INFO  o.e.m.c.i.e.AbstractTransferListenerAdapter - Downloaded https://repo.maven.apache.org/maven2/org/codehaus/plexus/plexus-languages/1.2.0/plexus-languages-1.2.0.pom
2026-03-16 19:34:40,872 [Worker-43: Creating maven-archetype-quickstart] INFO  o.e.m.c.i.e.AbstractTransferListenerAdapter - Downloaded https://repo.maven.apache.org/maven2/org/codehaus/plexus/plexus/15/plexus-15.pom
2026-03-16 19:34:41,105 [Worker-43: Creating maven-archetype-quickstart] INFO  o.e.m.c.i.e.AbstractTransferListenerAdapter - Downloaded https://repo.maven.apache.org/maven2/org/junit/junit-bom/5.10.0/junit-bom-5.10.0.pom
2026-03-16 19:34:41,332 [Worker-43: Creating maven-archetype-quickstart] INFO  o.e.m.c.i.e.AbstractTransferListenerAdapter - Downloaded https://repo.maven.apache.org/maven2/org/ow2/asm/asm/9.6/asm-9.6.pom
2026-03-16 19:34:41,596 [Worker-43: Creating maven-archetype-quickstart] INFO  o.e.m.c.i.e.AbstractTransferListenerAdapter - Downloaded https://repo.maven.apache.org/maven2/org/ow2/ow2/1.5.1/ow2-1.5.1.pom
2026-03-16 19:34:41,887 [Worker-43: Creating maven-archetype-quickstart] INFO  o.e.m.c.i.e.AbstractTransferListenerAdapter - Downloaded https://repo.maven.apache.org/maven2/com/thoughtworks/qdox/qdox/2.0.3/qdox-2.0.3.pom
2026-03-16 19:34:42,208 [Worker-43: Creating maven-archetype-quickstart] INFO  o.e.m.c.i.e.AbstractTransferListenerAdapter - Downloaded https://repo.maven.apache.org/maven2/org/codehaus/plexus/plexus-compiler-api/2.15.0/plexus-compiler-api-2.15.0.pom
2026-03-16 19:34:42,426 [Worker-43: Creating maven-archetype-quickstart] INFO  o.e.m.c.i.e.AbstractTransferListenerAdapter - Downloaded https://repo.maven.apache.org/maven2/org/codehaus/plexus/plexus-compiler/2.15.0/plexus-compiler-2.15.0.pom
2026-03-16 19:34:42,663 [Worker-43: Creating maven-archetype-quickstart] INFO  o.e.m.c.i.e.AbstractTransferListenerAdapter - Downloaded https://repo.maven.apache.org/maven2/org/codehaus/plexus/plexus/17/plexus-17.pom
2026-03-16 19:34:42,897 [Worker-43: Creating maven-archetype-quickstart] INFO  o.e.m.c.i.e.AbstractTransferListenerAdapter - Downloaded https://repo.maven.apache.org/maven2/org/junit/junit-bom/5.10.2/junit-bom-5.10.2.pom
2026-03-16 19:34:43,121 [Worker-43: Creating maven-archetype-quickstart] INFO  o.e.m.c.i.e.AbstractTransferListenerAdapter - Downloaded https://repo.maven.apache.org/maven2/org/codehaus/plexus/plexus-utils/4.0.0/plexus-utils-4.0.0.pom
2026-03-16 19:34:43,341 [Worker-43: Creating maven-archetype-quickstart] INFO  o.e.m.c.i.e.AbstractTransferListenerAdapter - Downloaded https://repo.maven.apache.org/maven2/org/codehaus/plexus/plexus/13/plexus-13.pom
2026-03-16 19:34:43,614 [Worker-43: Creating maven-archetype-quickstart] INFO  o.e.m.c.i.e.AbstractTransferListenerAdapter - Downloaded https://repo.maven.apache.org/maven2/org/junit/junit-bom/5.9.3/junit-bom-5.9.3.pom
2026-03-16 19:34:43,834 [Worker-43: Creating maven-archetype-quickstart] INFO  o.e.m.c.i.e.AbstractTransferListenerAdapter - Downloaded https://repo.maven.apache.org/maven2/org/codehaus/plexus/plexus-compiler-manager/2.15.0/plexus-compiler-manager-2.15.0.pom
2026-03-16 19:34:44,160 [Worker-43: Creating maven-archetype-quickstart] INFO  o.e.m.c.i.e.AbstractTransferListenerAdapter - Downloaded https://repo.maven.apache.org/maven2/javax/inject/javax.inject/1/javax.inject-1.pom
2026-03-16 19:34:44,483 [Worker-43: Creating maven-archetype-quickstart] INFO  o.e.m.c.i.e.AbstractTransferListenerAdapter - Downloaded https://repo.maven.apache.org/maven2/org/codehaus/plexus/plexus-xml/3.0.0/plexus-xml-3.0.0.pom
2026-03-16 19:34:44,714 [Worker-43: Creating maven-archetype-quickstart] INFO  o.e.m.c.i.e.AbstractTransferListenerAdapter - Downloaded https://repo.maven.apache.org/maven2/org/codehaus/plexus/plexus-compiler-javac/2.15.0/plexus-compiler-javac-2.15.0.pom
2026-03-16 19:34:44,939 [Worker-43: Creating maven-archetype-quickstart] INFO  o.e.m.c.i.e.AbstractTransferListenerAdapter - Downloaded https://repo.maven.apache.org/maven2/org/codehaus/plexus/plexus-compilers/2.15.0/plexus-compilers-2.15.0.pom
2026-03-16 19:34:45,028 [AetherRepositoryConnector-repo.maven.apache.org-1-0] INFO  o.e.m.c.i.e.AbstractTransferListenerAdapter - Downloading https://repo.maven.apache.org/maven2/org/apache/maven/shared/maven-shared-utils/3.4.2/maven-shared-utils-3.4.2.jar
2026-03-16 19:34:45,077 [AetherRepositoryConnector-repo.maven.apache.org-1-1] INFO  o.e.m.c.i.e.AbstractTransferListenerAdapter - Downloading https://repo.maven.apache.org/maven2/org/slf4j/slf4j-api/1.7.36/slf4j-api-1.7.36.jar
2026-03-16 19:34:45,095 [AetherRepositoryConnector-repo.maven.apache.org-1-2] INFO  o.e.m.c.i.e.AbstractTransferListenerAdapter - Downloading https://repo.maven.apache.org/maven2/commons-io/commons-io/2.11.0/commons-io-2.11.0.jar
2026-03-16 19:34:45,132 [AetherRepositoryConnector-repo.maven.apache.org-1-4] INFO  o.e.m.c.i.e.AbstractTransferListenerAdapter - Downloading https://repo.maven.apache.org/maven2/org/ow2/asm/asm/9.6/asm-9.6.jar
2026-03-16 19:34:45,136 [AetherRepositoryConnector-repo.maven.apache.org-1-3] INFO  o.e.m.c.i.e.AbstractTransferListenerAdapter - Downloading https://repo.maven.apache.org/maven2/org/codehaus/plexus/plexus-java/1.2.0/plexus-java-1.2.0.jar
2026-03-16 19:34:45,416 [AetherRepositoryConnector-repo.maven.apache.org-1-0] INFO  o.e.m.c.i.e.AbstractTransferListenerAdapter - Downloaded https://repo.maven.apache.org/maven2/org/apache/maven/shared/maven-shared-utils/3.4.2/maven-shared-utils-3.4.2.jar
2026-03-16 19:34:45,506 [AetherRepositoryConnector-repo.maven.apache.org-1-0] INFO  o.e.m.c.i.e.AbstractTransferListenerAdapter - Downloading https://repo.maven.apache.org/maven2/com/thoughtworks/qdox/qdox/2.0.3/qdox-2.0.3.jar
2026-03-16 19:34:45,771 [AetherRepositoryConnector-repo.maven.apache.org-1-3] INFO  o.e.m.c.i.e.AbstractTransferListenerAdapter - Downloaded https://repo.maven.apache.org/maven2/org/codehaus/plexus/plexus-java/1.2.0/plexus-java-1.2.0.jar
2026-03-16 19:34:45,772 [AetherRepositoryConnector-repo.maven.apache.org-1-2] INFO  o.e.m.c.i.e.AbstractTransferListenerAdapter - Downloaded https://repo.maven.apache.org/maven2/commons-io/commons-io/2.11.0/commons-io-2.11.0.jar
2026-03-16 19:34:45,772 [AetherRepositoryConnector-repo.maven.apache.org-1-4] INFO  o.e.m.c.i.e.AbstractTransferListenerAdapter - Downloaded https://repo.maven.apache.org/maven2/org/ow2/asm/asm/9.6/asm-9.6.jar
2026-03-16 19:34:45,881 [AetherRepositoryConnector-repo.maven.apache.org-1-3] INFO  o.e.m.c.i.e.AbstractTransferListenerAdapter - Downloading https://repo.maven.apache.org/maven2/org/codehaus/plexus/plexus-compiler-api/2.15.0/plexus-compiler-api-2.15.0.jar
2026-03-16 19:34:45,990 [AetherRepositoryConnector-repo.maven.apache.org-1-2] INFO  o.e.m.c.i.e.AbstractTransferListenerAdapter - Downloading https://repo.maven.apache.org/maven2/org/codehaus/plexus/plexus-compiler-manager/2.15.0/plexus-compiler-manager-2.15.0.jar
2026-03-16 19:34:45,991 [AetherRepositoryConnector-repo.maven.apache.org-1-4] INFO  o.e.m.c.i.e.AbstractTransferListenerAdapter - Downloading https://repo.maven.apache.org/maven2/javax/inject/javax.inject/1/javax.inject-1.jar
2026-03-16 19:34:46,035 [AetherRepositoryConnector-repo.maven.apache.org-1-0] INFO  o.e.m.c.i.e.AbstractTransferListenerAdapter - Downloaded https://repo.maven.apache.org/maven2/com/thoughtworks/qdox/qdox/2.0.3/qdox-2.0.3.jar
2026-03-16 19:34:46,099 [AetherRepositoryConnector-repo.maven.apache.org-1-1] INFO  o.e.m.c.i.e.AbstractTransferListenerAdapter - Downloaded https://repo.maven.apache.org/maven2/org/slf4j/slf4j-api/1.7.36/slf4j-api-1.7.36.jar
2026-03-16 19:34:46,116 [AetherRepositoryConnector-repo.maven.apache.org-1-0] INFO  o.e.m.c.i.e.AbstractTransferListenerAdapter - Downloading https://repo.maven.apache.org/maven2/org/codehaus/plexus/plexus-xml/3.0.0/plexus-xml-3.0.0.jar
2026-03-16 19:34:46,153 [AetherRepositoryConnector-repo.maven.apache.org-1-4] INFO  o.e.m.c.i.e.AbstractTransferListenerAdapter - Downloaded https://repo.maven.apache.org/maven2/javax/inject/javax.inject/1/javax.inject-1.jar
2026-03-16 19:34:46,177 [AetherRepositoryConnector-repo.maven.apache.org-1-1] INFO  o.e.m.c.i.e.AbstractTransferListenerAdapter - Downloading https://repo.maven.apache.org/maven2/org/codehaus/plexus/plexus-compiler-javac/2.15.0/plexus-compiler-javac-2.15.0.jar
2026-03-16 19:34:46,230 [AetherRepositoryConnector-repo.maven.apache.org-1-4] INFO  o.e.m.c.i.e.AbstractTransferListenerAdapter - Downloading https://repo.maven.apache.org/maven2/org/codehaus/plexus/plexus-utils/4.0.0/plexus-utils-4.0.0.jar
2026-03-16 19:34:46,359 [AetherRepositoryConnector-repo.maven.apache.org-1-0] INFO  o.e.m.c.i.e.AbstractTransferListenerAdapter - Downloaded https://repo.maven.apache.org/maven2/org/codehaus/plexus/plexus-xml/3.0.0/plexus-xml-3.0.0.jar
2026-03-16 19:34:46,449 [AetherRepositoryConnector-repo.maven.apache.org-1-2] INFO  o.e.m.c.i.e.AbstractTransferListenerAdapter - Downloaded https://repo.maven.apache.org/maven2/org/codehaus/plexus/plexus-compiler-manager/2.15.0/plexus-compiler-manager-2.15.0.jar
2026-03-16 19:34:46,457 [AetherRepositoryConnector-repo.maven.apache.org-1-4] INFO  o.e.m.c.i.e.AbstractTransferListenerAdapter - Downloaded https://repo.maven.apache.org/maven2/org/codehaus/plexus/plexus-utils/4.0.0/plexus-utils-4.0.0.jar
2026-03-16 19:34:46,674 [AetherRepositoryConnector-repo.maven.apache.org-1-1] INFO  o.e.m.c.i.e.AbstractTransferListenerAdapter - Downloaded https://repo.maven.apache.org/maven2/org/codehaus/plexus/plexus-compiler-javac/2.15.0/plexus-compiler-javac-2.15.0.jar
2026-03-16 19:34:46,758 [AetherRepositoryConnector-repo.maven.apache.org-1-3] INFO  o.e.m.c.i.e.AbstractTransferListenerAdapter - Downloaded https://repo.maven.apache.org/maven2/org/codehaus/plexus/plexus-compiler-api/2.15.0/plexus-compiler-api-2.15.0.jar
2026-03-16 19:34:49,803 [Worker-43: Creating maven-archetype-quickstart] INFO  o.e.m.c.i.l.LifecycleMappingFactory - Using org.eclipse.m2e.jdt.JarLifecycleMapping lifecycle mapping for MavenProject: com.testing:sdetproject:0.0.1-SNAPSHOT @ C:\Users\Aruna Vishvanathan\eclipse-workspace\sdetproject\pom.xml.
2026-03-16 19:34:50,164 [Worker-43: Creating maven-archetype-quickstart] INFO  o.e.m.c.i.l.LifecycleMappingFactory - Using org.eclipse.m2e.jdt.JarLifecycleMapping lifecycle mapping for MavenProject: com.testing:sdetproject:0.0.1-SNAPSHOT @ C:\Users\Aruna Vishvanathan\eclipse-workspace\sdetproject\pom.xml.
2026-03-16 19:34:53,070 [Worker-43: Creating maven-archetype-quickstart] INFO  o.e.m.c.i.e.AbstractTransferListenerAdapter - Downloaded https://repo.maven.apache.org/maven2/org/apache/maven/plugins/maven-resources-plugin/3.3.1/maven-resources-plugin-3.3.1.pom
2026-03-16 19:34:53,822 [Worker-43: Creating maven-archetype-quickstart] INFO  o.e.m.c.i.e.AbstractTransferListenerAdapter - Downloaded https://repo.maven.apache.org/maven2/org/apache/maven/plugins/maven-plugins/39/maven-plugins-39.pom
2026-03-16 19:34:54,963 [Worker-43: Creating maven-archetype-quickstart] INFO  o.e.m.c.i.e.AbstractTransferListenerAdapter - Downloaded https://repo.maven.apache.org/maven2/org/apache/maven/plugins/maven-surefire-plugin/3.3.0/maven-surefire-plugin-3.3.0.pom
2026-03-16 19:34:55,649 [Worker-43: Creating maven-archetype-quickstart] INFO  o.e.m.c.i.e.AbstractTransferListenerAdapter - Downloaded https://repo.maven.apache.org/maven2/org/apache/maven/surefire/surefire/3.3.0/surefire-3.3.0.pom
2026-03-16 19:34:56,117 [Worker-43: Creating maven-archetype-quickstart] INFO  o.e.m.c.i.e.AbstractTransferListenerAdapter - Downloaded https://repo.maven.apache.org/maven2/org/apache/maven/maven-parent/42/maven-parent-42.pom
2026-03-16 19:34:56,668 [Worker-43: Creating maven-archetype-quickstart] INFO  o.e.m.c.i.e.AbstractTransferListenerAdapter - Downloaded https://repo.maven.apache.org/maven2/org/apache/apache/32/apache-32.pom
2026-03-16 19:34:57,766 [Worker-43: Creating maven-archetype-quickstart] INFO  o.e.m.c.i.e.AbstractTransferListenerAdapter - Downloaded https://repo.maven.apache.org/maven2/org/apache/maven/plugins/maven-jar-plugin/3.4.2/maven-jar-plugin-3.4.2.pom
2026-03-16 19:34:58,381 [Worker-43: Creating maven-archetype-quickstart] INFO  o.e.m.c.i.e.AbstractTransferListenerAdapter - Downloaded https://repo.maven.apache.org/maven2/org/apache/maven/plugins/maven-plugins/42/maven-plugins-42.pom
2026-03-16 19:34:59,082 [Worker-43: Creating maven-archetype-quickstart] INFO  o.e.m.c.i.e.AbstractTransferListenerAdapter - Downloaded https://repo.maven.apache.org/maven2/org/apache/maven/shared/file-management/3.1.0/file-management-3.1.0.pom
2026-03-16 19:34:59,526 [Worker-43: Creating maven-archetype-quickstart] INFO  o.e.m.c.i.e.AbstractTransferListenerAdapter - Downloaded https://repo.maven.apache.org/maven2/org/apache/maven/shared/maven-shared-components/36/maven-shared-components-36.pom
2026-03-16 19:35:01,146 [Worker-43: Creating maven-archetype-quickstart] INFO  o.e.m.c.i.e.AbstractTransferListenerAdapter - Downloaded https://repo.maven.apache.org/maven2/org/apache/maven/maven-parent/36/maven-parent-36.pom
2026-03-16 19:35:04,198 [Worker-43: Creating maven-archetype-quickstart] INFO  o.e.m.c.i.e.AbstractTransferListenerAdapter - Downloaded https://repo.maven.apache.org/maven2/org/apache/apache/26/apache-26.pom
2026-03-16 19:35:06,350 [Worker-43: Creating maven-archetype-quickstart] INFO  o.e.m.c.i.e.AbstractTransferListenerAdapter - Downloaded https://repo.maven.apache.org/maven2/org/codehaus/plexus/plexus-utils/4.0.1/plexus-utils-4.0.1.pom
2026-03-16 19:35:07,997 [Worker-43: Creating maven-archetype-quickstart] INFO  o.e.m.c.i.e.AbstractTransferListenerAdapter - Downloaded https://repo.maven.apache.org/maven2/commons-io/commons-io/2.16.1/commons-io-2.16.1.pom
2026-03-16 19:35:11,996 [Worker-43: Creating maven-archetype-quickstart] INFO  o.e.m.c.i.e.AbstractTransferListenerAdapter - Downloaded https://repo.maven.apache.org/maven2/org/apache/commons/commons-parent/69/commons-parent-69.pom
2026-03-16 19:35:24,038 [Worker-43: Creating maven-archetype-quickstart] INFO  o.e.m.c.i.e.AbstractTransferListenerAdapter - Downloaded https://repo.maven.apache.org/maven2/org/apache/maven/maven-archiver/3.6.2/maven-archiver-3.6.2.pom
2026-03-16 19:35:35,806 [Worker-43: Creating maven-archetype-quickstart] INFO  o.e.m.c.i.e.AbstractTransferListenerAdapter - Downloaded https://repo.maven.apache.org/maven2/org/apache/maven/shared/maven-shared-components/41/maven-shared-components-41.pom
2026-03-16 19:35:40,573 [Worker-43: Creating maven-archetype-quickstart] INFO  o.e.m.c.i.e.AbstractTransferListenerAdapter - Downloaded https://repo.maven.apache.org/maven2/org/codehaus/plexus/plexus-archiver/4.9.2/plexus-archiver-4.9.2.pom
2026-03-16 19:35:41,204 [Worker-43: Creating maven-archetype-quickstart] INFO  o.e.m.c.i.e.AbstractTransferListenerAdapter - Downloaded https://repo.maven.apache.org/maven2/org/codehaus/plexus/plexus-io/3.4.2/plexus-io-3.4.2.pom
2026-03-16 19:35:41,607 [Worker-43: Creating maven-archetype-quickstart] INFO  o.e.m.c.i.e.AbstractTransferListenerAdapter - Downloaded https://repo.maven.apache.org/maven2/org/codehaus/plexus/plexus/16/plexus-16.pom
2026-03-16 19:35:42,757 [Worker-43: Creating maven-archetype-quickstart] INFO  o.e.m.c.i.e.AbstractTransferListenerAdapter - Downloaded https://repo.maven.apache.org/maven2/org/junit/junit-bom/5.10.1/junit-bom-5.10.1.pom
2026-03-16 19:35:43,062 [Worker-43: Creating maven-archetype-quickstart] INFO  o.e.m.c.i.e.AbstractTransferListenerAdapter - Downloaded https://repo.maven.apache.org/maven2/org/apache/commons/commons-compress/1.26.1/commons-compress-1.26.1.pom
2026-03-16 19:35:43,337 [Worker-43: Creating maven-archetype-quickstart] INFO  o.e.m.c.i.e.AbstractTransferListenerAdapter - Downloaded https://repo.maven.apache.org/maven2/org/apache/commons/commons-parent/66/commons-parent-66.pom
2026-03-16 19:35:43,624 [Worker-43: Creating maven-archetype-quickstart] INFO  o.e.m.c.i.e.AbstractTransferListenerAdapter - Downloaded https://repo.maven.apache.org/maven2/commons-codec/commons-codec/1.16.1/commons-codec-1.16.1.pom
2026-03-16 19:35:43,970 [Worker-43: Creating maven-archetype-quickstart] INFO  o.e.m.c.i.e.AbstractTransferListenerAdapter - Downloaded https://repo.maven.apache.org/maven2/org/apache/commons/commons-lang3/3.14.0/commons-lang3-3.14.0.pom
2026-03-16 19:35:44,219 [Worker-43: Creating maven-archetype-quickstart] INFO  o.e.m.c.i.e.AbstractTransferListenerAdapter - Downloaded https://repo.maven.apache.org/maven2/org/apache/commons/commons-parent/64/commons-parent-64.pom
2026-03-16 19:35:44,481 [Worker-43: Creating maven-archetype-quickstart] INFO  o.e.m.c.i.e.AbstractTransferListenerAdapter - Downloaded https://repo.maven.apache.org/maven2/org/apache/apache/30/apache-30.pom
2026-03-16 19:35:44,799 [Worker-43: Creating maven-archetype-quickstart] INFO  o.e.m.c.i.e.AbstractTransferListenerAdapter - Downloaded https://repo.maven.apache.org/maven2/org/iq80/snappy/snappy/0.4/snappy-0.4.pom
2026-03-16 19:35:45,084 [Worker-43: Creating maven-archetype-quickstart] INFO  o.e.m.c.i.e.AbstractTransferListenerAdapter - Downloaded https://repo.maven.apache.org/maven2/org/tukaani/xz/1.9/xz-1.9.pom
2026-03-16 19:35:45,395 [Worker-43: Creating maven-archetype-quickstart] INFO  o.e.m.c.i.e.AbstractTransferListenerAdapter - Downloaded https://repo.maven.apache.org/maven2/com/github/luben/zstd-jni/1.5.5-11/zstd-jni-1.5.5-11.pom
2026-03-16 19:35:45,701 [Worker-43: Creating maven-archetype-quickstart] INFO  o.e.m.c.i.e.AbstractTransferListenerAdapter - Downloaded https://repo.maven.apache.org/maven2/org/codehaus/plexus/plexus-interpolation/1.27/plexus-interpolation-1.27.pom
2026-03-16 19:35:45,819 [AetherRepositoryConnector-repo.maven.apache.org-2-0] INFO  o.e.m.c.i.e.AbstractTransferListenerAdapter - Downloading https://repo.maven.apache.org/maven2/org/apache/maven/shared/file-management/3.1.0/file-management-3.1.0.jar
2026-03-16 19:35:45,844 [AetherRepositoryConnector-repo.maven.apache.org-2-2] INFO  o.e.m.c.i.e.AbstractTransferListenerAdapter - Downloading https://repo.maven.apache.org/maven2/commons-io/commons-io/2.16.1/commons-io-2.16.1.jar
2026-03-16 19:35:45,862 [AetherRepositoryConnector-repo.maven.apache.org-2-4] INFO  o.e.m.c.i.e.AbstractTransferListenerAdapter - Downloading https://repo.maven.apache.org/maven2/org/codehaus/plexus/plexus-interpolation/1.27/plexus-interpolation-1.27.jar
2026-03-16 19:35:45,862 [AetherRepositoryConnector-repo.maven.apache.org-2-3] INFO  o.e.m.c.i.e.AbstractTransferListenerAdapter - Downloading https://repo.maven.apache.org/maven2/org/apache/maven/maven-archiver/3.6.2/maven-archiver-3.6.2.jar
2026-03-16 19:35:45,862 [AetherRepositoryConnector-repo.maven.apache.org-2-1] INFO  o.e.m.c.i.e.AbstractTransferListenerAdapter - Downloading https://repo.maven.apache.org/maven2/org/codehaus/plexus/plexus-utils/4.0.1/plexus-utils-4.0.1.jar
2026-03-16 19:35:46,049 [AetherRepositoryConnector-repo.maven.apache.org-2-4] INFO  o.e.m.c.i.e.AbstractTransferListenerAdapter - Downloaded https://repo.maven.apache.org/maven2/org/codehaus/plexus/plexus-interpolation/1.27/plexus-interpolation-1.27.jar
2026-03-16 19:35:46,091 [AetherRepositoryConnector-repo.maven.apache.org-2-4] INFO  o.e.m.c.i.e.AbstractTransferListenerAdapter - Downloading https://repo.maven.apache.org/maven2/org/codehaus/plexus/plexus-archiver/4.9.2/plexus-archiver-4.9.2.jar
2026-03-16 19:35:46,098 [AetherRepositoryConnector-repo.maven.apache.org-2-1] INFO  o.e.m.c.i.e.AbstractTransferListenerAdapter - Downloaded https://repo.maven.apache.org/maven2/org/codehaus/plexus/plexus-utils/4.0.1/plexus-utils-4.0.1.jar
2026-03-16 19:35:46,117 [AetherRepositoryConnector-repo.maven.apache.org-2-2] INFO  o.e.m.c.i.e.AbstractTransferListenerAdapter - Downloaded https://repo.maven.apache.org/maven2/commons-io/commons-io/2.16.1/commons-io-2.16.1.jar
2026-03-16 19:35:46,149 [AetherRepositoryConnector-repo.maven.apache.org-2-1] INFO  o.e.m.c.i.e.AbstractTransferListenerAdapter - Downloading https://repo.maven.apache.org/maven2/org/codehaus/plexus/plexus-io/3.4.2/plexus-io-3.4.2.jar
2026-03-16 19:35:46,182 [AetherRepositoryConnector-repo.maven.apache.org-2-2] INFO  o.e.m.c.i.e.AbstractTransferListenerAdapter - Downloading https://repo.maven.apache.org/maven2/org/apache/commons/commons-compress/1.26.1/commons-compress-1.26.1.jar
2026-03-16 19:35:46,332 [AetherRepositoryConnector-repo.maven.apache.org-2-4] INFO  o.e.m.c.i.e.AbstractTransferListenerAdapter - Downloaded https://repo.maven.apache.org/maven2/org/codehaus/plexus/plexus-archiver/4.9.2/plexus-archiver-4.9.2.jar
2026-03-16 19:35:46,367 [AetherRepositoryConnector-repo.maven.apache.org-2-1] INFO  o.e.m.c.i.e.AbstractTransferListenerAdapter - Downloaded https://repo.maven.apache.org/maven2/org/codehaus/plexus/plexus-io/3.4.2/plexus-io-3.4.2.jar
2026-03-16 19:35:46,396 [AetherRepositoryConnector-repo.maven.apache.org-2-4] INFO  o.e.m.c.i.e.AbstractTransferListenerAdapter - Downloading https://repo.maven.apache.org/maven2/org/apache/commons/commons-lang3/3.14.0/commons-lang3-3.14.0.jar
2026-03-16 19:35:46,537 [AetherRepositoryConnector-repo.maven.apache.org-2-1] INFO  o.e.m.c.i.e.AbstractTransferListenerAdapter - Downloading https://repo.maven.apache.org/maven2/commons-codec/commons-codec/1.16.1/commons-codec-1.16.1.jar
2026-03-16 19:35:46,689 [AetherRepositoryConnector-repo.maven.apache.org-2-3] INFO  o.e.m.c.i.e.AbstractTransferListenerAdapter - Downloaded https://repo.maven.apache.org/maven2/org/apache/maven/maven-archiver/3.6.2/maven-archiver-3.6.2.jar
2026-03-16 19:35:46,691 [AetherRepositoryConnector-repo.maven.apache.org-2-2] INFO  o.e.m.c.i.e.AbstractTransferListenerAdapter - Downloaded https://repo.maven.apache.org/maven2/org/apache/commons/commons-compress/1.26.1/commons-compress-1.26.1.jar
2026-03-16 19:35:46,742 [AetherRepositoryConnector-repo.maven.apache.org-2-3] INFO  o.e.m.c.i.e.AbstractTransferListenerAdapter - Downloading https://repo.maven.apache.org/maven2/org/iq80/snappy/snappy/0.4/snappy-0.4.jar
2026-03-16 19:35:46,820 [AetherRepositoryConnector-repo.maven.apache.org-2-2] INFO  o.e.m.c.i.e.AbstractTransferListenerAdapter - Downloading https://repo.maven.apache.org/maven2/org/tukaani/xz/1.9/xz-1.9.jar
2026-03-16 19:35:46,869 [AetherRepositoryConnector-repo.maven.apache.org-2-4] INFO  o.e.m.c.i.e.AbstractTransferListenerAdapter - Downloaded https://repo.maven.apache.org/maven2/org/apache/commons/commons-lang3/3.14.0/commons-lang3-3.14.0.jar
2026-03-16 19:35:46,877 [AetherRepositoryConnector-repo.maven.apache.org-2-1] INFO  o.e.m.c.i.e.AbstractTransferListenerAdapter - Downloaded https://repo.maven.apache.org/maven2/commons-codec/commons-codec/1.16.1/commons-codec-1.16.1.jar
2026-03-16 19:35:46,929 [AetherRepositoryConnector-repo.maven.apache.org-2-0] INFO  o.e.m.c.i.e.AbstractTransferListenerAdapter - Downloaded https://repo.maven.apache.org/maven2/org/apache/maven/shared/file-management/3.1.0/file-management-3.1.0.jar
2026-03-16 19:35:46,946 [AetherRepositoryConnector-repo.maven.apache.org-2-4] INFO  o.e.m.c.i.e.AbstractTransferListenerAdapter - Downloading https://repo.maven.apache.org/maven2/com/github/luben/zstd-jni/1.5.5-11/zstd-jni-1.5.5-11.jar
2026-03-16 19:35:46,983 [AetherRepositoryConnector-repo.maven.apache.org-2-3] INFO  o.e.m.c.i.e.AbstractTransferListenerAdapter - Downloaded https://repo.maven.apache.org/maven2/org/iq80/snappy/snappy/0.4/snappy-0.4.jar
2026-03-16 19:35:46,991 [AetherRepositoryConnector-repo.maven.apache.org-2-2] INFO  o.e.m.c.i.e.AbstractTransferListenerAdapter - Downloaded https://repo.maven.apache.org/maven2/org/tukaani/xz/1.9/xz-1.9.jar
2026-03-16 19:35:48,421 [AetherRepositoryConnector-repo.maven.apache.org-2-4] INFO  o.e.m.c.i.e.AbstractTransferListenerAdapter - Downloaded https://repo.maven.apache.org/maven2/com/github/luben/zstd-jni/1.5.5-11/zstd-jni-1.5.5-11.jar
2026-03-16 19:35:51,939 [Worker-43: Creating maven-archetype-quickstart] INFO  o.e.m.c.i.e.AbstractTransferListenerAdapter - Downloaded https://repo.maven.apache.org/maven2/org/codehaus/plexus/plexus-interpolation/1.26/plexus-interpolation-1.26.pom
2026-03-16 19:35:52,166 [Worker-43: Creating maven-archetype-quickstart] INFO  o.e.m.c.i.e.AbstractTransferListenerAdapter - Downloaded https://repo.maven.apache.org/maven2/org/codehaus/plexus/plexus/5.1/plexus-5.1.pom
2026-03-16 19:35:52,437 [Worker-43: Creating maven-archetype-quickstart] INFO  o.e.m.c.i.e.AbstractTransferListenerAdapter - Downloaded https://repo.maven.apache.org/maven2/org/codehaus/plexus/plexus-utils/3.5.1/plexus-utils-3.5.1.pom
2026-03-16 19:35:52,553 [Worker-58: Download sources and javadoc] INFO  o.e.m.c.i.e.AbstractTransferListenerAdapter - Downloading https://repo.maven.apache.org/maven2/org/junit/jupiter/junit-jupiter-api/5.11.0/junit-jupiter-api-5.11.0-sources.jar
2026-03-16 19:35:52,708 [Worker-43: Creating maven-archetype-quickstart] INFO  o.e.m.c.i.e.AbstractTransferListenerAdapter - Downloaded https://repo.maven.apache.org/maven2/org/codehaus/plexus/plexus/10/plexus-10.pom
2026-03-16 19:35:52,829 [Worker-58: Download sources and javadoc] INFO  o.e.m.c.i.e.AbstractTransferListenerAdapter - Downloaded https://repo.maven.apache.org/maven2/org/junit/jupiter/junit-jupiter-api/5.11.0/junit-jupiter-api-5.11.0-sources.jar
2026-03-16 19:35:52,844 [Worker-58: Download sources and javadoc] INFO  o.e.m.j.internal.DownloadSourcesJob - Downloaded sources for org.junit.jupiter:junit-jupiter-api:5.11.0
2026-03-16 19:35:52,963 [Worker-58: Download sources and javadoc] INFO  o.e.m.c.i.e.AbstractTransferListenerAdapter - Downloading https://repo.maven.apache.org/maven2/org/opentest4j/opentest4j/1.3.0/opentest4j-1.3.0-sources.jar
2026-03-16 19:35:52,976 [Worker-43: Creating maven-archetype-quickstart] INFO  o.e.m.c.i.e.AbstractTransferListenerAdapter - Downloaded https://repo.maven.apache.org/maven2/org/apache/maven/shared/maven-filtering/3.3.1/maven-filtering-3.3.1.pom
2026-03-16 19:35:53,221 [Worker-43: Creating maven-archetype-quickstart] INFO  o.e.m.c.i.e.AbstractTransferListenerAdapter - Downloaded https://repo.maven.apache.org/maven2/org/sonatype/plexus/plexus-build-api/0.0.7/plexus-build-api-0.0.7.pom
2026-03-16 19:35:53,516 [Worker-43: Creating maven-archetype-quickstart] INFO  o.e.m.c.i.e.AbstractTransferListenerAdapter - Downloaded https://repo.maven.apache.org/maven2/org/sonatype/spice/spice-parent/15/spice-parent-15.pom
2026-03-16 19:35:53,523 [Worker-58: Download sources and javadoc] INFO  o.e.m.c.i.e.AbstractTransferListenerAdapter - Downloaded https://repo.maven.apache.org/maven2/org/opentest4j/opentest4j/1.3.0/opentest4j-1.3.0-sources.jar
2026-03-16 19:35:53,580 [Worker-58: Download sources and javadoc] INFO  o.e.m.j.internal.DownloadSourcesJob - Downloaded sources for org.opentest4j:opentest4j:1.3.0
2026-03-16 19:35:53,767 [Worker-58: Download sources and javadoc] INFO  o.e.m.c.i.e.AbstractTransferListenerAdapter - Downloading https://repo.maven.apache.org/maven2/org/junit/platform/junit-platform-commons/1.11.0/junit-platform-commons-1.11.0-sources.jar
2026-03-16 19:35:53,971 [Worker-43: Creating maven-archetype-quickstart] INFO  o.e.m.c.i.e.AbstractTransferListenerAdapter - Downloaded https://repo.maven.apache.org/maven2/org/codehaus/plexus/plexus-utils/3.5.0/plexus-utils-3.5.0.pom
2026-03-16 19:35:54,064 [Worker-58: Download sources and javadoc] INFO  o.e.m.c.i.e.AbstractTransferListenerAdapter - Downloaded https://repo.maven.apache.org/maven2/org/junit/platform/junit-platform-commons/1.11.0/junit-platform-commons-1.11.0-sources.jar
2026-03-16 19:35:54,074 [Worker-58: Download sources and javadoc] INFO  o.e.m.j.internal.DownloadSourcesJob - Downloaded sources for org.junit.platform:junit-platform-commons:1.11.0
2026-03-16 19:35:54,257 [Worker-43: Creating maven-archetype-quickstart] INFO  o.e.m.c.i.e.AbstractTransferListenerAdapter - Downloaded https://repo.maven.apache.org/maven2/org/apache/commons/commons-lang3/3.12.0/commons-lang3-3.12.0.pom
2026-03-16 19:35:54,338 [Worker-58: Download sources and javadoc] INFO  o.e.m.c.i.e.AbstractTransferListenerAdapter - Downloading https://repo.maven.apache.org/maven2/org/apiguardian/apiguardian-api/1.1.2/apiguardian-api-1.1.2-sources.jar
2026-03-16 19:35:54,492 [Worker-43: Creating maven-archetype-quickstart] INFO  o.e.m.c.i.e.AbstractTransferListenerAdapter - Downloaded https://repo.maven.apache.org/maven2/org/junit/junit-bom/5.7.1/junit-bom-5.7.1.pom
2026-03-16 19:35:54,601 [AetherRepositoryConnector-repo.maven.apache.org-3-0] INFO  o.e.m.c.i.e.AbstractTransferListenerAdapter - Downloading https://repo.maven.apache.org/maven2/org/codehaus/plexus/plexus-interpolation/1.26/plexus-interpolation-1.26.jar
2026-03-16 19:35:54,633 [Worker-58: Download sources and javadoc] INFO  o.e.m.c.i.e.AbstractTransferListenerAdapter - Downloaded https://repo.maven.apache.org/maven2/org/apiguardian/apiguardian-api/1.1.2/apiguardian-api-1.1.2-sources.jar
2026-03-16 19:35:54,637 [AetherRepositoryConnector-repo.maven.apache.org-3-1] INFO  o.e.m.c.i.e.AbstractTransferListenerAdapter - Downloading https://repo.maven.apache.org/maven2/org/codehaus/plexus/plexus-utils/3.5.1/plexus-utils-3.5.1.jar
2026-03-16 19:35:54,652 [Worker-58: Download sources and javadoc] INFO  o.e.m.j.internal.DownloadSourcesJob - Downloaded sources for org.apiguardian:apiguardian-api:1.1.2
2026-03-16 19:35:54,698 [AetherRepositoryConnector-repo.maven.apache.org-3-2] INFO  o.e.m.c.i.e.AbstractTransferListenerAdapter - Downloading https://repo.maven.apache.org/maven2/org/apache/maven/shared/maven-filtering/3.3.1/maven-filtering-3.3.1.jar
2026-03-16 19:35:54,698 [AetherRepositoryConnector-repo.maven.apache.org-3-3] INFO  o.e.m.c.i.e.AbstractTransferListenerAdapter - Downloading https://repo.maven.apache.org/maven2/org/sonatype/plexus/plexus-build-api/0.0.7/plexus-build-api-0.0.7.jar
2026-03-16 19:35:54,698 [AetherRepositoryConnector-repo.maven.apache.org-3-4] INFO  o.e.m.c.i.e.AbstractTransferListenerAdapter - Downloading https://repo.maven.apache.org/maven2/org/apache/commons/commons-lang3/3.12.0/commons-lang3-3.12.0.jar
2026-03-16 19:35:54,718 [AetherRepositoryConnector-repo.maven.apache.org-3-1] INFO  o.e.m.c.i.e.AbstractTransferListenerAdapter - Downloaded https://repo.maven.apache.org/maven2/org/codehaus/plexus/plexus-utils/3.5.1/plexus-utils-3.5.1.jar
2026-03-16 19:35:54,768 [AetherRepositoryConnector-repo.maven.apache.org-3-4] INFO  o.e.m.c.i.e.AbstractTransferListenerAdapter - Downloaded https://repo.maven.apache.org/maven2/org/apache/commons/commons-lang3/3.12.0/commons-lang3-3.12.0.jar
2026-03-16 19:35:54,825 [AetherRepositoryConnector-repo.maven.apache.org-3-2] INFO  o.e.m.c.i.e.AbstractTransferListenerAdapter - Downloaded https://repo.maven.apache.org/maven2/org/apache/maven/shared/maven-filtering/3.3.1/maven-filtering-3.3.1.jar
2026-03-16 19:35:54,851 [AetherRepositoryConnector-repo.maven.apache.org-3-3] INFO  o.e.m.c.i.e.AbstractTransferListenerAdapter - Downloaded https://repo.maven.apache.org/maven2/org/sonatype/plexus/plexus-build-api/0.0.7/plexus-build-api-0.0.7.jar
2026-03-16 19:35:54,911 [AetherRepositoryConnector-repo.maven.apache.org-3-0] INFO  o.e.m.c.i.e.AbstractTransferListenerAdapter - Downloaded https://repo.maven.apache.org/maven2/org/codehaus/plexus/plexus-interpolation/1.26/plexus-interpolation-1.26.jar
2026-03-16 19:35:55,036 [Worker-58: Download sources and javadoc] INFO  o.e.m.c.i.e.AbstractTransferListenerAdapter - Downloading https://repo.maven.apache.org/maven2/org/junit/jupiter/junit-jupiter-params/5.11.0/junit-jupiter-params-5.11.0-sources.jar
2026-03-16 19:35:55,273 [Worker-58: Download sources and javadoc] INFO  o.e.m.c.i.e.AbstractTransferListenerAdapter - Downloaded https://repo.maven.apache.org/maven2/org/junit/jupiter/junit-jupiter-params/5.11.0/junit-jupiter-params-5.11.0-sources.jar
2026-03-16 19:35:55,296 [Worker-58: Download sources and javadoc] INFO  o.e.m.j.internal.DownloadSourcesJob - Downloaded sources for org.junit.jupiter:junit-jupiter-params:5.11.0
2026-03-16 19:41:14,740 [Worker-60: Creating maven-archetype-quickstart] INFO  o.e.m.c.i.p.ProjectConfigurationManager - Collecting project info '/pom.xml' C:\Users\Aruna Vishvanathan\eclipse-workspace\sedtproject\pom.xml
2026-03-16 19:41:15,898 [Worker-60: Creating maven-archetype-quickstart] INFO  o.e.m.c.i.l.LifecycleMappingFactory - Using org.eclipse.m2e.jdt.JarLifecycleMapping lifecycle mapping for MavenProject: com.testing:sedtproject:0.0.1-SNAPSHOT @ C:\Users\Aruna Vishvanathan\eclipse-workspace\sedtproject\pom.xml.
2026-03-16 19:45:11,561 [Worker-58: Updating Maven Project] INFO  o.e.m.c.i.p.ProjectConfigurationManager - Update started
2026-03-16 19:45:12,450 [Worker-58: Updating Maven Project] INFO  o.e.m.c.i.l.LifecycleMappingFactory - Using org.eclipse.m2e.jdt.JarLifecycleMapping lifecycle mapping for MavenProject: com.testing:sedtproject:0.0.1-SNAPSHOT @ C:\Users\Aruna Vishvanathan\eclipse-workspace\sedtproject\pom.xml.
2026-03-16 19:45:13,135 [AetherRepositoryConnector-repo.maven.apache.org-4-0] INFO  o.e.m.c.i.e.AbstractTransferListenerAdapter - Downloading https://repo.maven.apache.org/maven2/org/codehaus/plexus/plexus-utils/3.5.1/plexus-utils-3.5.1.jar
2026-03-16 19:45:13,200 [AetherRepositoryConnector-repo.maven.apache.org-4-1] INFO  o.e.m.c.i.e.AbstractTransferListenerAdapter - Downloading https://repo.maven.apache.org/maven2/org/apache/maven/shared/maven-filtering/3.3.1/maven-filtering-3.3.1.jar
2026-03-16 19:45:13,215 [AetherRepositoryConnector-repo.maven.apache.org-4-3] INFO  o.e.m.c.i.e.AbstractTransferListenerAdapter - Downloading https://repo.maven.apache.org/maven2/org/apache/commons/commons-lang3/3.12.0/commons-lang3-3.12.0.jar
2026-03-16 19:45:13,215 [AetherRepositoryConnector-repo.maven.apache.org-4-2] INFO  o.e.m.c.i.e.AbstractTransferListenerAdapter - Downloading https://repo.maven.apache.org/maven2/org/sonatype/plexus/plexus-build-api/0.0.7/plexus-build-api-0.0.7.jar
2026-03-16 19:45:13,427 [AetherRepositoryConnector-repo.maven.apache.org-4-0] INFO  o.e.m.c.i.e.AbstractTransferListenerAdapter - Downloaded https://repo.maven.apache.org/maven2/org/codehaus/plexus/plexus-utils/3.5.1/plexus-utils-3.5.1.jar
2026-03-16 19:45:13,428 [AetherRepositoryConnector-repo.maven.apache.org-4-1] INFO  o.e.m.c.i.e.AbstractTransferListenerAdapter - Downloaded https://repo.maven.apache.org/maven2/org/apache/maven/shared/maven-filtering/3.3.1/maven-filtering-3.3.1.jar
2026-03-16 19:45:13,502 [AetherRepositoryConnector-repo.maven.apache.org-4-3] INFO  o.e.m.c.i.e.AbstractTransferListenerAdapter - Downloaded https://repo.maven.apache.org/maven2/org/apache/commons/commons-lang3/3.12.0/commons-lang3-3.12.0.jar
2026-03-16 19:45:13,662 [AetherRepositoryConnector-repo.maven.apache.org-4-2] INFO  o.e.m.c.i.e.AbstractTransferListenerAdapter - Downloaded https://repo.maven.apache.org/maven2/org/sonatype/plexus/plexus-build-api/0.0.7/plexus-build-api-0.0.7.jar
2026-03-16 19:45:13,988 [Worker-58: Updating Maven Project] INFO  o.e.m.j.i.AbstractJavaProjectConfigurator - Adding source folder /sedtproject/src/main/java
2026-03-16 19:45:14,069 [Worker-58: Updating Maven Project] INFO  o.e.m.j.i.AbstractJavaProjectConfigurator - Adding source folder /sedtproject/src/test/java
2026-03-16 19:45:15,180 [Worker-58: Updating Maven Project] INFO  o.e.m.c.i.p.ProjectConfigurationManager - Update completed: 3 sec
2026-03-16 19:45:15,715 [Worker-58: Building] INFO  o.a.m.s.f.DefaultMavenResourcesFiltering - skip non existing resourceDirectory C:\Users\Aruna Vishvanathan\eclipse-workspace\sedtproject\src\main\resources
2026-03-16 19:45:15,727 [Worker-58: Building] INFO  o.a.m.s.f.DefaultMavenResourcesFiltering - skip non existing resourceDirectory C:\Users\Aruna Vishvanathan\eclipse-workspace\sedtproject\src\test\resources
2026-03-16 19:48:17,683 [main] INFO  o.e.m2e.actions.ExecutePomAction - Creating new launch configuration
2026-03-16 19:49:50,325 [Worker-65: Launching Executing install in C__Users_Aruna Vishvanathan_eclipse-workspace_sedtproject] INFO  o.e.m.i.launch.MavenLaunchDelegate - C:\Users\Aruna Vishvanathan\eclipse-workspace\sedtproject
2026-03-16 19:49:50,326 [Worker-65: Launching Executing install in C__Users_Aruna Vishvanathan_eclipse-workspace_sedtproject] INFO  o.e.m.i.launch.MavenLaunchDelegate -  mvn -B install
2026-03-16 19:50:54,433 [Worker-72: Building] INFO  o.a.m.s.f.DefaultMavenResourcesFiltering - skip non existing resourceDirectory C:\Users\Aruna Vishvanathan\eclipse-workspace\sedtproject\src\main\resources
2026-03-16 19:50:54,447 [Worker-72: Building] INFO  o.a.m.s.f.DefaultMavenResourcesFiltering - skip non existing resourceDirectory C:\Users\Aruna Vishvanathan\eclipse-workspace\sedtproject\src\test\resources
2026-03-16 19:56:20,794 [Worker-67: Building] INFO  o.a.m.s.f.DefaultMavenResourcesFiltering - skip non existing resourceDirectory C:\Users\Aruna Vishvanathan\eclipse-workspace\sedtproject\src\main\resources
2026-03-16 19:56:20,810 [Worker-67: Building] INFO  o.a.m.s.f.DefaultMavenResourcesFiltering - skip non existing resourceDirectory C:\Users\Aruna Vishvanathan\eclipse-workspace\sedtproject\src\test\resources
2026-03-16 19:57:24,386 [Worker-69: Building] INFO  o.a.m.s.f.DefaultMavenResourcesFiltering - skip non existing resourceDirectory C:\Users\Aruna Vishvanathan\eclipse-workspace\sedtproject\src\main\resources
2026-03-16 19:57:24,392 [Worker-69: Building] INFO  o.a.m.s.f.DefaultMavenResourcesFiltering - skip non existing resourceDirectory C:\Users\Aruna Vishvanathan\eclipse-workspace\sedtproject\src\test\resources
2026-03-16 20:03:23,639 [Worker-73: Launching Executing install in C__Users_Aruna Vishvanathan_eclipse-workspace_sedtproject] INFO  o.e.m.i.launch.MavenLaunchDelegate - C:\Users\Aruna Vishvanathan\eclipse-workspace\sedtproject
2026-03-16 20:03:23,645 [Worker-73: Launching Executing install in C__Users_Aruna Vishvanathan_eclipse-workspace_sedtproject] INFO  o.e.m.i.launch.MavenLaunchDelegate -  mvn -B install
2026-03-16 20:03:55,449 [Worker-76: Building] INFO  o.a.m.s.f.DefaultMavenResourcesFiltering - skip non existing resourceDirectory C:\Users\Aruna Vishvanathan\eclipse-workspace\sedtproject\src\main\resources
2026-03-16 20:03:55,464 [Worker-76: Building] INFO  o.a.m.s.f.DefaultMavenResourcesFiltering - skip non existing resourceDirectory C:\Users\Aruna Vishvanathan\eclipse-workspace\sedtproject\src\test\resources
2026-03-16 20:06:19,737 [Worker-73: Building] INFO  o.a.m.s.f.DefaultMavenResourcesFiltering - skip non existing resourceDirectory C:\Users\Aruna Vishvanathan\eclipse-workspace\sedtproject\src\main\resources
2026-03-16 20:06:19,746 [Worker-73: Building] INFO  o.a.m.s.f.DefaultMavenResourcesFiltering - skip non existing resourceDirectory C:\Users\Aruna Vishvanathan\eclipse-workspace\sedtproject\src\test\resources
2026-03-16 20:06:34,511 [Worker-76: Launching Executing install in C__Users_Aruna Vishvanathan_eclipse-workspace_sedtproject] INFO  o.e.m.i.launch.MavenLaunchDelegate - C:\Users\Aruna Vishvanathan\eclipse-workspace\sedtproject
2026-03-16 20:06:34,512 [Worker-76: Launching Executing install in C__Users_Aruna Vishvanathan_eclipse-workspace_sedtproject] INFO  o.e.m.i.launch.MavenLaunchDelegate -  mvn -B install
2026-03-16 20:07:53,945 [Worker-80: Building] INFO  o.a.m.s.f.DefaultMavenResourcesFiltering - skip non existing resourceDirectory C:\Users\Aruna Vishvanathan\eclipse-workspace\sedtproject\src\main\resources
2026-03-16 20:07:53,954 [Worker-80: Building] INFO  o.a.m.s.f.DefaultMavenResourcesFiltering - skip non existing resourceDirectory C:\Users\Aruna Vishvanathan\eclipse-workspace\sedtproject\src\test\resources
2026-03-16 20:14:50,774 [Worker-82: Updating Maven Project] INFO  o.e.m.c.i.p.ProjectConfigurationManager - Update started
2026-03-16 20:14:52,754 [Worker-82: Updating Maven Project] INFO  o.e.m.c.i.l.LifecycleMappingFactory - Using org.eclipse.m2e.jdt.JarLifecycleMapping lifecycle mapping for MavenProject: com.testing:sedtproject:0.0.1-SNAPSHOT @ C:\Users\Aruna Vishvanathan\eclipse-workspace\sedtproject\pom.xml.
2026-03-16 20:14:53,731 [Worker-82: Updating Maven Project] INFO  o.e.m.j.i.AbstractJavaProjectConfigurator - Adding source folder /sedtproject/src/main/java
2026-03-16 20:14:53,733 [Worker-82: Updating Maven Project] INFO  o.e.m.j.i.AbstractJavaProjectConfigurator - Adding source folder /sedtproject/src/test/java
2026-03-16 20:14:54,676 [Worker-82: Updating Maven Project] INFO  o.e.m.c.i.p.ProjectConfigurationManager - Update completed: 3 sec
2026-03-16 20:14:55,294 [Worker-85: Building] INFO  o.a.m.s.f.DefaultMavenResourcesFiltering - skip non existing resourceDirectory C:\Users\Aruna Vishvanathan\eclipse-workspace\sedtproject\src\main\resources
2026-03-16 20:14:55,308 [Worker-85: Building] INFO  o.a.m.s.f.DefaultMavenResourcesFiltering - skip non existing resourceDirectory C:\Users\Aruna Vishvanathan\eclipse-workspace\sedtproject\src\test\resources
2026-03-16 20:17:40,270 [Worker-85: Building] INFO  o.a.m.s.f.DefaultMavenResourcesFiltering - skip non existing resourceDirectory C:\Users\Aruna Vishvanathan\eclipse-workspace\sedtproject\src\main\resources
2026-03-16 20:17:40,277 [Worker-85: Building] INFO  o.a.m.s.f.DefaultMavenResourcesFiltering - skip non existing resourceDirectory C:\Users\Aruna Vishvanathan\eclipse-workspace\sedtproject\src\test\resources
2026-03-16 20:18:03,761 [Worker-85: Updating Maven Project] INFO  o.e.m.c.i.p.ProjectConfigurationManager - Update started
2026-03-16 20:18:04,864 [Worker-85: Updating Maven Project] INFO  o.e.m.c.i.l.LifecycleMappingFactory - Using org.eclipse.m2e.jdt.JarLifecycleMapping lifecycle mapping for MavenProject: com.testing:sedtproject:0.0.1-SNAPSHOT @ C:\Users\Aruna Vishvanathan\eclipse-workspace\sedtproject\pom.xml.
2026-03-16 20:18:05,516 [Worker-85: Updating Maven Project] INFO  o.e.m.j.i.AbstractJavaProjectConfigurator - Adding source folder /sedtproject/src/main/java
2026-03-16 20:18:05,519 [Worker-85: Updating Maven Project] INFO  o.e.m.j.i.AbstractJavaProjectConfigurator - Adding source folder /sedtproject/src/test/java
2026-03-16 20:18:05,827 [Worker-85: Updating Maven Project] INFO  o.e.m.c.i.p.ProjectConfigurationManager - Update completed: 2 sec
2026-03-16 20:18:06,210 [Worker-83: Building] INFO  o.a.m.s.f.DefaultMavenResourcesFiltering - skip non existing resourceDirectory C:\Users\Aruna Vishvanathan\eclipse-workspace\sedtproject\src\main\resources
2026-03-16 20:18:06,218 [Worker-83: Building] INFO  o.a.m.s.f.DefaultMavenResourcesFiltering - skip non existing resourceDirectory C:\Users\Aruna Vishvanathan\eclipse-workspace\sedtproject\src\test\resources
2026-03-16 20:18:20,912 [Worker-83: Launching Executing install in C__Users_Aruna Vishvanathan_eclipse-workspace_sedtproject] INFO  o.e.m.i.launch.MavenLaunchDelegate - C:\Users\Aruna Vishvanathan\eclipse-workspace\sedtproject
2026-03-16 20:18:20,913 [Worker-83: Launching Executing install in C__Users_Aruna Vishvanathan_eclipse-workspace_sedtproject] INFO  o.e.m.i.launch.MavenLaunchDelegate -  mvn -B install
2026-03-16 20:19:37,873 [Worker-90: Launching Executing install in C__Users_Aruna Vishvanathan_eclipse-workspace_sedtproject] INFO  o.e.m.i.launch.MavenLaunchDelegate - C:\Users\Aruna Vishvanathan\eclipse-workspace\sedtproject
2026-03-16 20:19:37,875 [Worker-90: Launching Executing install in C__Users_Aruna Vishvanathan_eclipse-workspace_sedtproject] INFO  o.e.m.i.launch.MavenLaunchDelegate -  mvn -B install
2026-03-16 20:20:43,116 [Worker-90: Building] INFO  o.a.m.s.f.DefaultMavenResourcesFiltering - skip non existing resourceDirectory C:\Users\Aruna Vishvanathan\eclipse-workspace\sedtproject\src\main\resources
2026-03-16 20:20:43,123 [Worker-90: Building] INFO  o.a.m.s.f.DefaultMavenResourcesFiltering - skip non existing resourceDirectory C:\Users\Aruna Vishvanathan\eclipse-workspace\sedtproject\src\test\resources
2026-03-16 20:20:56,798 [Worker-87: Building] INFO  o.a.m.s.f.DefaultMavenResourcesFiltering - skip non existing resourceDirectory C:\Users\Aruna Vishvanathan\eclipse-workspace\sedtproject\src\main\resources
2026-03-16 20:20:56,804 [Worker-87: Building] INFO  o.a.m.s.f.DefaultMavenResourcesFiltering - skip non existing resourceDirectory C:\Users\Aruna Vishvanathan\eclipse-workspace\sedtproject\src\test\resources
2026-03-16 20:21:13,715 [Worker-85: Updating Maven Project] INFO  o.e.m.c.i.p.ProjectConfigurationManager - Update started
2026-03-16 20:21:14,656 [Worker-85: Updating Maven Project] INFO  o.e.m.c.i.l.LifecycleMappingFactory - Using org.eclipse.m2e.jdt.JarLifecycleMapping lifecycle mapping for MavenProject: com.testing:sedtproject:0.0.1-SNAPSHOT @ C:\Users\Aruna Vishvanathan\eclipse-workspace\sedtproject\pom.xml.
2026-03-16 20:21:15,284 [Worker-85: Updating Maven Project] INFO  o.e.m.j.i.AbstractJavaProjectConfigurator - Adding source folder /sedtproject/src/main/java
2026-03-16 20:21:15,286 [Worker-85: Updating Maven Project] INFO  o.e.m.j.i.AbstractJavaProjectConfigurator - Adding source folder /sedtproject/src/test/java
2026-03-16 20:21:15,746 [Worker-85: Updating Maven Project] INFO  o.e.m.c.i.p.ProjectConfigurationManager - Update completed: 2 sec
2026-03-16 20:21:16,113 [Worker-83: Building] INFO  o.a.m.s.f.DefaultMavenResourcesFiltering - skip non existing resourceDirectory C:\Users\Aruna Vishvanathan\eclipse-workspace\sedtproject\src\main\resources
2026-03-16 20:21:16,118 [Worker-83: Building] INFO  o.a.m.s.f.DefaultMavenResourcesFiltering - skip non existing resourceDirectory C:\Users\Aruna Vishvanathan\eclipse-workspace\sedtproject\src\test\resources
2026-03-16 20:21:38,599 [Worker-89: Launching Executing clean in C__Users_Aruna Vishvanathan_eclipse-workspace_sedtproject] INFO  o.e.m.i.launch.MavenLaunchDelegate - C:\Users\Aruna Vishvanathan\eclipse-workspace\sedtproject
2026-03-16 20:21:38,599 [Worker-89: Launching Executing clean in C__Users_Aruna Vishvanathan_eclipse-workspace_sedtproject] INFO  o.e.m.i.launch.MavenLaunchDelegate -  mvn -B clean
2026-03-16 20:22:10,972 [Worker-91: Building] INFO  o.a.m.s.f.DefaultMavenResourcesFiltering - skip non existing resourceDirectory C:\Users\Aruna Vishvanathan\eclipse-workspace\sedtproject\src\main\resources
2026-03-16 20:22:10,977 [Worker-91: Building] INFO  o.a.m.s.f.DefaultMavenResourcesFiltering - skip non existing resourceDirectory C:\Users\Aruna Vishvanathan\eclipse-workspace\sedtproject\src\test\resources
2026-03-16 20:24:51,212 [Worker-87: Updating Maven Project] INFO  o.e.m.c.i.p.ProjectConfigurationManager - Update started
2026-03-16 20:24:52,400 [Worker-87: Updating Maven Project] INFO  o.e.m.c.i.l.LifecycleMappingFactory - Using org.eclipse.m2e.jdt.JarLifecycleMapping lifecycle mapping for MavenProject: com.testing:sedtproject:0.0.1-SNAPSHOT @ C:\Users\Aruna Vishvanathan\eclipse-workspace\sedtproject\pom.xml.
2026-03-16 20:24:53,207 [Worker-87: Updating Maven Project] INFO  o.e.m.j.i.AbstractJavaProjectConfigurator - Adding source folder /sedtproject/src/main/java
2026-03-16 20:24:53,209 [Worker-87: Updating Maven Project] INFO  o.e.m.j.i.AbstractJavaProjectConfigurator - Adding source folder /sedtproject/src/test/java
2026-03-16 20:24:53,584 [Worker-87: Updating Maven Project] INFO  o.e.m.c.i.p.ProjectConfigurationManager - Update completed: 2 sec
2026-03-16 20:24:54,013 [Worker-91: Building] INFO  o.a.m.s.f.DefaultMavenResourcesFiltering - skip non existing resourceDirectory C:\Users\Aruna Vishvanathan\eclipse-workspace\sedtproject\src\main\resources
2026-03-16 20:24:54,021 [Worker-91: Building] INFO  o.a.m.s.f.DefaultMavenResourcesFiltering - skip non existing resourceDirectory C:\Users\Aruna Vishvanathan\eclipse-workspace\sedtproject\src\test\resources
2026-03-16 20:25:14,752 [Worker-87: Launching Executing install in C__Users_Aruna Vishvanathan_eclipse-workspace_sedtproject] INFO  o.e.m.i.launch.MavenLaunchDelegate - C:\Users\Aruna Vishvanathan\eclipse-workspace\sedtproject
2026-03-16 20:25:14,753 [Worker-87: Launching Executing install in C__Users_Aruna Vishvanathan_eclipse-workspace_sedtproject] INFO  o.e.m.i.launch.MavenLaunchDelegate -  mvn -B install
2026-03-16 20:25:38,238 [Worker-83: Building] INFO  o.a.m.s.f.DefaultMavenResourcesFiltering - skip non existing resourceDirectory C:\Users\Aruna Vishvanathan\eclipse-workspace\sedtproject\src\main\resources
2026-03-16 20:25:38,245 [Worker-83: Building] INFO  o.a.m.s.f.DefaultMavenResourcesFiltering - skip non existing resourceDirectory C:\Users\Aruna Vishvanathan\eclipse-workspace\sedtproject\src\test\resources
2026-03-16 20:26:24,839 [Worker-83: Building] INFO  o.a.m.s.f.DefaultMavenResourcesFiltering - skip non existing resourceDirectory C:\Users\Aruna Vishvanathan\eclipse-workspace\sedtproject\src\main\resources
2026-03-16 20:26:24,847 [Worker-83: Building] INFO  o.a.m.s.f.DefaultMavenResourcesFiltering - skip non existing resourceDirectory C:\Users\Aruna Vishvanathan\eclipse-workspace\sedtproject\src\test\resources
2026-03-16 20:26:26,124 [Worker-83: Building] INFO  o.a.m.s.f.DefaultMavenResourcesFiltering - skip non existing resourceDirectory C:\Users\Aruna Vishvanathan\eclipse-workspace\sedtproject\src\main\resources
2026-03-16 20:26:26,130 [Worker-83: Building] INFO  o.a.m.s.f.DefaultMavenResourcesFiltering - skip non existing resourceDirectory C:\Users\Aruna Vishvanathan\eclipse-workspace\sedtproject\src\test\resources
2026-03-16 20:26:36,966 [Worker-92: Launching Executing install in C__Users_Aruna Vishvanathan_eclipse-workspace_sedtproject] INFO  o.e.m.i.launch.MavenLaunchDelegate - C:\Users\Aruna Vishvanathan\eclipse-workspace\sedtproject
2026-03-16 20:26:36,967 [Worker-92: Launching Executing install in C__Users_Aruna Vishvanathan_eclipse-workspace_sedtproject] INFO  o.e.m.i.launch.MavenLaunchDelegate -  mvn -B install
2026-03-16 20:27:03,708 [Worker-83: Building] INFO  o.a.m.s.f.DefaultMavenResourcesFiltering - skip non existing resourceDirectory C:\Users\Aruna Vishvanathan\eclipse-workspace\sedtproject\src\main\resources
2026-03-16 20:27:03,716 [Worker-83: Building] INFO  o.a.m.s.f.DefaultMavenResourcesFiltering - skip non existing resourceDirectory C:\Users\Aruna Vishvanathan\eclipse-workspace\sedtproject\src\test\resources
2026-03-16 20:27:31,947 [Worker-85: Building] INFO  o.a.m.s.f.DefaultMavenResourcesFiltering - skip non existing resourceDirectory C:\Users\Aruna Vishvanathan\eclipse-workspace\sedtproject\src\main\resources
2026-03-16 20:27:31,953 [Worker-85: Building] INFO  o.a.m.s.f.DefaultMavenResourcesFiltering - skip non existing resourceDirectory C:\Users\Aruna Vishvanathan\eclipse-workspace\sedtproject\src\test\resources
2026-03-16 20:34:54,160 [Worker-88: Launching Executing install in C__Users_Aruna Vishvanathan_eclipse-workspace_sedtproject] INFO  o.e.m.i.launch.MavenLaunchDelegate - C:\Users\Aruna Vishvanathan\eclipse-workspace\sedtproject
2026-03-16 20:34:54,161 [Worker-88: Launching Executing install in C__Users_Aruna Vishvanathan_eclipse-workspace_sedtproject] INFO  o.e.m.i.launch.MavenLaunchDelegate -  mvn -B install
2026-03-16 20:36:30,583 [Worker-88: Building] INFO  o.a.m.s.f.DefaultMavenResourcesFiltering - skip non existing resourceDirectory C:\Users\Aruna Vishvanathan\eclipse-workspace\sedtproject\src\main\resources
2026-03-16 20:36:30,593 [Worker-88: Building] INFO  o.a.m.s.f.DefaultMavenResourcesFiltering - skip non existing resourceDirectory C:\Users\Aruna Vishvanathan\eclipse-workspace\sedtproject\src\test\resources
2026-03-16 20:37:06,337 [Worker-88: Updating Maven Project] INFO  o.e.m.c.i.p.ProjectConfigurationManager - Update started
2026-03-16 20:37:09,254 [Worker-88: Updating Maven Project] INFO  o.e.m.c.i.l.LifecycleMappingFactory - Using org.eclipse.m2e.jdt.JarLifecycleMapping lifecycle mapping for MavenProject: com.testing:sedtproject:0.0.1-SNAPSHOT @ C:\Users\Aruna Vishvanathan\eclipse-workspace\sedtproject\pom.xml.
2026-03-16 20:37:10,056 [Worker-88: Updating Maven Project] INFO  o.e.m.j.i.AbstractJavaProjectConfigurator - Adding source folder /sedtproject/src/main/java
2026-03-16 20:37:10,058 [Worker-88: Updating Maven Project] INFO  o.e.m.j.i.AbstractJavaProjectConfigurator - Adding source folder /sedtproject/src/test/java
2026-03-16 20:37:11,571 [Worker-88: Updating Maven Project] INFO  o.e.m.c.i.p.ProjectConfigurationManager - Update completed: 5 sec
2026-03-16 20:37:12,338 [Worker-97: Building] INFO  o.a.m.s.f.DefaultMavenResourcesFiltering - skip non existing resourceDirectory C:\Users\Aruna Vishvanathan\eclipse-workspace\sedtproject\src\main\resources
2026-03-16 20:37:12,356 [Worker-97: Building] INFO  o.a.m.s.f.DefaultMavenResourcesFiltering - skip non existing resourceDirectory C:\Users\Aruna Vishvanathan\eclipse-workspace\sedtproject\src\test\resources
2026-03-16 20:41:10,144 [Worker-94: Updating Maven Project] INFO  o.e.m.c.i.p.ProjectConfigurationManager - Update started
2026-03-16 20:41:11,766 [Worker-94: Updating Maven Project] INFO  o.e.m.c.i.l.LifecycleMappingFactory - Using org.eclipse.m2e.jdt.JarLifecycleMapping lifecycle mapping for MavenProject: com.testing:sedtproject:0.0.1-SNAPSHOT @ C:\Users\Aruna Vishvanathan\eclipse-workspace\sedtproject\pom.xml.
2026-03-16 20:41:12,715 [Worker-94: Updating Maven Project] INFO  o.e.m.j.i.AbstractJavaProjectConfigurator - Adding source folder /sedtproject/src/main/java
2026-03-16 20:41:12,720 [Worker-94: Updating Maven Project] INFO  o.e.m.j.i.AbstractJavaProjectConfigurator - Adding source folder /sedtproject/src/test/java
2026-03-16 20:41:13,239 [Worker-94: Updating Maven Project] INFO  o.e.m.c.i.p.ProjectConfigurationManager - Update completed: 3 sec
2026-03-16 20:41:13,748 [Worker-100: Building] INFO  o.a.m.s.f.DefaultMavenResourcesFiltering - skip non existing resourceDirectory C:\Users\Aruna Vishvanathan\eclipse-workspace\sedtproject\src\main\resources
2026-03-16 20:41:13,756 [Worker-100: Building] INFO  o.a.m.s.f.DefaultMavenResourcesFiltering - skip non existing resourceDirectory C:\Users\Aruna Vishvanathan\eclipse-workspace\sedtproject\src\test\resources
2026-03-16 20:43:37,276 [Worker-100: Updating Maven Project] INFO  o.e.m.c.i.p.ProjectConfigurationManager - Update started
2026-03-16 20:43:38,204 [Worker-100: Updating Maven Project] INFO  o.e.m.c.i.l.LifecycleMappingFactory - Using org.eclipse.m2e.jdt.JarLifecycleMapping lifecycle mapping for MavenProject: com.testing:sedtproject:0.0.1-SNAPSHOT @ C:\Users\Aruna Vishvanathan\eclipse-workspace\sedtproject\pom.xml.
2026-03-16 20:43:38,649 [Worker-100: Updating Maven Project] INFO  o.e.m.j.i.AbstractJavaProjectConfigurator - Adding source folder /sedtproject/src/main/java
2026-03-16 20:43:38,652 [Worker-100: Updating Maven Project] INFO  o.e.m.j.i.AbstractJavaProjectConfigurator - Adding source folder /sedtproject/src/test/java
2026-03-16 20:43:38,928 [Worker-100: Updating Maven Project] INFO  o.e.m.c.i.p.ProjectConfigurationManager - Update completed: 1 sec
2026-03-16 20:43:39,370 [Worker-102: Building] INFO  o.a.m.s.f.DefaultMavenResourcesFiltering - skip non existing resourceDirectory C:\Users\Aruna Vishvanathan\eclipse-workspace\sedtproject\src\main\resources
2026-03-16 20:43:39,378 [Worker-102: Building] INFO  o.a.m.s.f.DefaultMavenResourcesFiltering - skip non existing resourceDirectory C:\Users\Aruna Vishvanathan\eclipse-workspace\sedtproject\src\test\resources
2026-03-16 21:00:37,252 [Worker-100: Updating Maven Project] INFO  o.e.m.c.i.p.ProjectConfigurationManager - Update started
2026-03-16 21:00:40,233 [Worker-100: Updating Maven Project] INFO  o.e.m.c.i.l.LifecycleMappingFactory - Using org.eclipse.m2e.jdt.JarLifecycleMapping lifecycle mapping for MavenProject: com.testing:sedtproject:0.0.1-SNAPSHOT @ C:\Users\Aruna Vishvanathan\eclipse-workspace\sedtproject\pom.xml.
2026-03-16 21:00:41,662 [Worker-100: Updating Maven Project] INFO  o.e.m.j.i.AbstractJavaProjectConfigurator - Adding source folder /sedtproject/src/main/java
2026-03-16 21:00:41,665 [Worker-100: Updating Maven Project] INFO  o.e.m.j.i.AbstractJavaProjectConfigurator - Adding source folder /sedtproject/src/test/java
2026-03-16 21:00:42,799 [Worker-100: Updating Maven Project] INFO  o.e.m.c.i.p.ProjectConfigurationManager - Update completed: 5 sec
2026-03-16 21:00:43,737 [Worker-102: Building] INFO  o.a.m.s.f.DefaultMavenResourcesFiltering - skip non existing resourceDirectory C:\Users\Aruna Vishvanathan\eclipse-workspace\sedtproject\src\main\resources
2026-03-16 21:00:43,758 [Worker-102: Building] INFO  o.a.m.s.f.DefaultMavenResourcesFiltering - skip non existing resourceDirectory C:\Users\Aruna Vishvanathan\eclipse-workspace\sedtproject\src\test\resources
2026-03-16 21:03:19,384 [Worker-110: Launching Executing install in C__Users_Aruna Vishvanathan_eclipse-workspace_sedtproject] INFO  o.e.m.i.launch.MavenLaunchDelegate - C:\Users\Aruna Vishvanathan\eclipse-workspace\sedtproject
2026-03-16 21:03:19,386 [Worker-110: Launching Executing install in C__Users_Aruna Vishvanathan_eclipse-workspace_sedtproject] INFO  o.e.m.i.launch.MavenLaunchDelegate -  mvn -B install
2026-03-16 21:03:48,374 [Worker-107: Building] INFO  o.a.m.s.f.DefaultMavenResourcesFiltering - skip non existing resourceDirectory C:\Users\Aruna Vishvanathan\eclipse-workspace\sedtproject\src\main\resources
2026-03-16 21:03:48,385 [Worker-107: Building] INFO  o.a.m.s.f.DefaultMavenResourcesFiltering - skip non existing resourceDirectory C:\Users\Aruna Vishvanathan\eclipse-workspace\sedtproject\src\test\resources
2026-03-16 21:06:27,248 [Worker-110: Creating project "sdettt"] INFO  o.e.m.c.i.l.LifecycleMappingFactory - Using org.eclipse.m2e.jdt.JarLifecycleMapping lifecycle mapping for MavenProject: Com.api:sdettt:0.0.1-SNAPSHOT @ C:\Users\Aruna Vishvanathan\eclipse-workspace\sdettt\pom.xml.
2026-03-16 21:06:35,571 [Worker-110: Creating project "sdettt"] INFO  o.e.m.j.i.AbstractJavaProjectConfigurator - Adding source folder /sdettt/src/main/java
2026-03-16 21:06:35,573 [Worker-110: Creating project "sdettt"] INFO  o.e.m.j.i.AbstractJavaProjectConfigurator - Adding resource folder /sdettt/src/main/resources
2026-03-16 21:06:35,578 [Worker-110: Creating project "sdettt"] INFO  o.e.m.j.i.AbstractJavaProjectConfigurator - Adding source folder /sdettt/src/test/java
2026-03-16 21:06:35,580 [Worker-110: Creating project "sdettt"] INFO  o.e.m.j.i.AbstractJavaProjectConfigurator - Adding resource folder /sdettt/src/test/resources
2026-03-16 21:06:36,701 [Worker-112: Building] WARN  o.e.m.c.i.embedder.EclipseLogger - Using platform encoding (Cp1252 actually) to copy filtered resources, i.e. build is platform dependent!
2026-03-16 21:06:36,722 [Worker-112: Building] INFO  o.e.m.c.i.embedder.EclipseLogger - Copying 0 resource
2026-03-16 21:06:36,729 [Worker-112: Building] WARN  o.e.m.c.i.embedder.EclipseLogger - Using platform encoding (Cp1252 actually) to copy filtered resources, i.e. build is platform dependent!
2026-03-16 21:06:36,739 [Worker-112: Building] INFO  o.e.m.c.i.embedder.EclipseLogger - Copying 0 resource
2026-03-16 21:07:15,909 [Worker-112: Launching Executing install in C__Users_Aruna Vishvanathan_eclipse-workspace_sdettt] INFO  o.e.m.i.launch.MavenLaunchDelegate - C:\Users\Aruna Vishvanathan\eclipse-workspace\sdettt
2026-03-16 21:07:15,910 [Worker-112: Launching Executing install in C__Users_Aruna Vishvanathan_eclipse-workspace_sdettt] INFO  o.e.m.i.launch.MavenLaunchDelegate -  mvn -B install
2026-03-16 21:08:50,080 [Worker-113: Building] WARN  o.e.m.c.i.embedder.EclipseLogger - Using platform encoding (Cp1252 actually) to copy filtered resources, i.e. build is platform dependent!
2026-03-16 21:08:50,088 [Worker-113: Building] INFO  o.e.m.c.i.embedder.EclipseLogger - Copying 0 resource
2026-03-16 21:08:50,092 [Worker-113: Building] WARN  o.e.m.c.i.embedder.EclipseLogger - Using platform encoding (Cp1252 actually) to copy filtered resources, i.e. build is platform dependent!
2026-03-16 21:08:50,098 [Worker-113: Building] INFO  o.e.m.c.i.embedder.EclipseLogger - Copying 0 resource
2026-03-16 21:09:25,758 [Worker-107: Updating Maven Project] INFO  o.e.m.c.i.p.ProjectConfigurationManager - Update started
2026-03-16 21:09:27,015 [Worker-107: Updating Maven Project] INFO  o.e.m.c.i.l.LifecycleMappingFactory - Using org.eclipse.m2e.jdt.JarLifecycleMapping lifecycle mapping for MavenProject: Com.api:sdettt:0.0.1-SNAPSHOT @ C:\Users\Aruna Vishvanathan\eclipse-workspace\sdettt\pom.xml.
2026-03-16 21:09:27,575 [Worker-107: Updating Maven Project] INFO  o.e.m.j.i.AbstractJavaProjectConfigurator - Adding source folder /sdettt/src/main/java
2026-03-16 21:09:27,580 [Worker-107: Updating Maven Project] INFO  o.e.m.j.i.AbstractJavaProjectConfigurator - Adding resource folder /sdettt/src/main/resources
2026-03-16 21:09:27,582 [Worker-107: Updating Maven Project] INFO  o.e.m.j.i.AbstractJavaProjectConfigurator - Adding source folder /sdettt/src/test/java
2026-03-16 21:09:27,583 [Worker-107: Updating Maven Project] INFO  o.e.m.j.i.AbstractJavaProjectConfigurator - Adding resource folder /sdettt/src/test/resources
2026-03-16 21:09:27,675 [Worker-107: Updating Maven Project] INFO  o.e.m.c.i.p.ProjectConfigurationManager - Update completed: 1 sec
2026-03-16 21:09:27,845 [Worker-114: Building] WARN  o.e.m.c.i.embedder.EclipseLogger - Using platform encoding (Cp1252 actually) to copy filtered resources, i.e. build is platform dependent!
2026-03-16 21:09:27,852 [Worker-114: Building] INFO  o.e.m.c.i.embedder.EclipseLogger - Copying 0 resource
2026-03-16 21:09:27,857 [Worker-114: Building] WARN  o.e.m.c.i.embedder.EclipseLogger - Using platform encoding (Cp1252 actually) to copy filtered resources, i.e. build is platform dependent!
2026-03-16 21:09:27,863 [Worker-114: Building] INFO  o.e.m.c.i.embedder.EclipseLogger - Copying 0 resource
2026-03-16 21:09:58,079 [Worker-115: Launching Executing install in C__Users_Aruna Vishvanathan_eclipse-workspace_sdettt] INFO  o.e.m.i.launch.MavenLaunchDelegate - C:\Users\Aruna Vishvanathan\eclipse-workspace\sdettt
2026-03-16 21:09:58,080 [Worker-115: Launching Executing install in C__Users_Aruna Vishvanathan_eclipse-workspace_sdettt] INFO  o.e.m.i.launch.MavenLaunchDelegate -  mvn -B install
2026-03-16 21:10:19,324 [Worker-114: Building] WARN  o.e.m.c.i.embedder.EclipseLogger - Using platform encoding (Cp1252 actually) to copy filtered resources, i.e. build is platform dependent!
2026-03-16 21:10:19,331 [Worker-114: Building] INFO  o.e.m.c.i.embedder.EclipseLogger - Copying 0 resource
2026-03-16 21:10:19,335 [Worker-114: Building] WARN  o.e.m.c.i.embedder.EclipseLogger - Using platform encoding (Cp1252 actually) to copy filtered resources, i.e. build is platform dependent!
2026-03-16 21:10:19,339 [Worker-114: Building] INFO  o.e.m.c.i.embedder.EclipseLogger - Copying 0 resource
2026-03-16 21:14:54,690 [Worker-112: Creating maven-archetype-quickstart] INFO  o.e.m.c.i.p.ProjectConfigurationManager - Collecting project info '/pom.xml' C:\Users\Aruna Vishvanathan\eclipse-workspace\sdet\pom.xml
2026-03-16 21:14:55,006 [Worker-112: Creating maven-archetype-quickstart] INFO  o.e.m.c.i.l.LifecycleMappingFactory - Using org.eclipse.m2e.jdt.JarLifecycleMapping lifecycle mapping for MavenProject: com:sdet:0.0.1-SNAPSHOT @ C:\Users\Aruna Vishvanathan\eclipse-workspace\sdet\pom.xml.
2026-03-16 21:14:55,282 [Worker-112: Creating maven-archetype-quickstart] INFO  o.e.m.j.i.AbstractJavaProjectConfigurator - Adding source folder /sdet/src/main/java
2026-03-16 21:14:55,303 [Worker-112: Creating maven-archetype-quickstart] INFO  o.e.m.j.i.AbstractJavaProjectConfigurator - Adding source folder /sdet/src/test/java
2026-03-16 21:14:55,709 [Worker-112: Creating maven-archetype-quickstart] INFO  o.e.m.c.i.p.ProjectConfigurationManager - Imported and configured 1 project(s) in 1 sec
2026-03-16 21:14:56,322 [Worker-118: Building] INFO  o.a.m.s.f.DefaultMavenResourcesFiltering - skip non existing resourceDirectory C:\Users\Aruna Vishvanathan\eclipse-workspace\sdet\src\main\resources
2026-03-16 21:14:56,327 [Worker-118: Building] INFO  o.a.m.s.f.DefaultMavenResourcesFiltering - skip non existing resourceDirectory C:\Users\Aruna Vishvanathan\eclipse-workspace\sdet\src\test\resources
2026-03-16 21:21:18,910 [ModalContext] INFO  o.e.m.c.i.e.AbstractTransferListenerAdapter - Downloading https://repo.maven.apache.org/maven2/org/apache/maven/archetypes/maven-archetype-quickstart/1.1/maven-archetype-quickstart-1.1.jar
2026-03-16 21:21:19,380 [ModalContext] INFO  o.e.m.c.i.e.AbstractTransferListenerAdapter - Downloaded https://repo.maven.apache.org/maven2/org/apache/maven/archetypes/maven-archetype-quickstart/1.1/maven-archetype-quickstart-1.1.jar
2026-03-16 21:21:19,597 [ModalContext] INFO  o.e.m.c.i.e.AbstractTransferListenerAdapter - Downloaded https://repo.maven.apache.org/maven2/org/apache/maven/archetypes/maven-archetype-quickstart/1.1/maven-archetype-quickstart-1.1.pom
2026-03-16 21:21:37,548 [Worker-123: Creating maven-archetype-quickstart] INFO  o.e.m.c.i.p.ProjectConfigurationManager - Collecting project info '/pom.xml' C:\Users\Aruna Vishvanathan\eclipse-workspace\MavenProject\pom.xml
2026-03-16 21:21:39,232 [Worker-123: Creating maven-archetype-quickstart] INFO  o.e.m.c.i.l.LifecycleMappingFactory - Using org.eclipse.m2e.jdt.JarLifecycleMapping lifecycle mapping for MavenProject: SDET:MavenProject:0.0.1-SNAPSHOT @ C:\Users\Aruna Vishvanathan\eclipse-workspace\MavenProject\pom.xml.
2026-03-16 21:21:40,640 [Worker-123: Creating maven-archetype-quickstart] INFO  o.e.m.j.i.AbstractJavaProjectConfigurator - Adding source folder /MavenProject/src/main/java
2026-03-16 21:21:40,661 [Worker-123: Creating maven-archetype-quickstart] INFO  o.e.m.j.i.AbstractJavaProjectConfigurator - Adding source folder /MavenProject/src/test/java
2026-03-16 21:21:41,047 [Worker-123: Creating maven-archetype-quickstart] INFO  o.e.m.c.i.p.ProjectConfigurationManager - Imported and configured 1 project(s) in 3 sec
2026-03-16 21:21:41,383 [Worker-122: Download sources and javadoc] INFO  o.e.m.c.i.e.AbstractTransferListenerAdapter - Downloading https://repo.maven.apache.org/maven2/junit/junit/3.8.1/junit-3.8.1-sources.jar
2026-03-16 21:21:41,549 [Worker-121: Building] INFO  o.e.m.c.i.embedder.EclipseLogger - Using 'UTF-8' encoding to copy filtered resources.
2026-03-16 21:21:41,549 [Worker-121: Building] INFO  o.e.m.c.i.embedder.EclipseLogger - skip non existing resourceDirectory C:\Users\Aruna Vishvanathan\eclipse-workspace\MavenProject\src\main\resources
2026-03-16 21:21:41,553 [Worker-121: Building] INFO  o.e.m.c.i.embedder.EclipseLogger - Using 'UTF-8' encoding to copy filtered resources.
2026-03-16 21:21:41,554 [Worker-121: Building] INFO  o.e.m.c.i.embedder.EclipseLogger - skip non existing resourceDirectory C:\Users\Aruna Vishvanathan\eclipse-workspace\MavenProject\src\test\resources
2026-03-16 21:21:41,587 [Worker-122: Download sources and javadoc] INFO  o.e.m.c.i.e.AbstractTransferListenerAdapter - Downloaded https://repo.maven.apache.org/maven2/junit/junit/3.8.1/junit-3.8.1-sources.jar
2026-03-16 21:21:41,602 [Worker-122: Download sources and javadoc] INFO  o.e.m.j.internal.DownloadSourcesJob - Downloaded sources for junit:junit:3.8.1
2026-03-16 21:21:41,642 [Worker-122: Download sources and javadoc] INFO  o.e.m.j.internal.DownloadSourcesJob - Downloaded sources for junit:junit:3.8.1
2026-03-16 21:21:42,625 [Worker-124: Building] INFO  o.e.m.c.i.embedder.EclipseLogger - Using 'UTF-8' encoding to copy filtered resources.
2026-03-16 21:21:42,625 [Worker-124: Building] INFO  o.e.m.c.i.embedder.EclipseLogger - skip non existing resourceDirectory C:\Users\Aruna Vishvanathan\eclipse-workspace\MavenProject\src\main\resources
2026-03-16 21:21:42,628 [Worker-124: Building] INFO  o.e.m.c.i.embedder.EclipseLogger - Using 'UTF-8' encoding to copy filtered resources.
2026-03-16 21:21:42,629 [Worker-124: Building] INFO  o.e.m.c.i.embedder.EclipseLogger - skip non existing resourceDirectory C:\Users\Aruna Vishvanathan\eclipse-workspace\MavenProject\src\test\resources
2026-03-16 21:22:50,434 [Worker-124: Launching Executing install in C__Users_Aruna Vishvanathan_eclipse-workspace_MavenProject] INFO  o.e.m.i.launch.MavenLaunchDelegate - C:\Users\Aruna Vishvanathan\eclipse-workspace\MavenProject
2026-03-16 21:22:50,435 [Worker-124: Launching Executing install in C__Users_Aruna Vishvanathan_eclipse-workspace_MavenProject] INFO  o.e.m.i.launch.MavenLaunchDelegate -  mvn -B install
2026-03-16 21:23:30,064 [Worker-121: Building] INFO  o.e.m.c.i.embedder.EclipseLogger - Using 'UTF-8' encoding to copy filtered resources.
2026-03-16 21:23:30,066 [Worker-121: Building] INFO  o.e.m.c.i.embedder.EclipseLogger - skip non existing resourceDirectory C:\Users\Aruna Vishvanathan\eclipse-workspace\MavenProject\src\main\resources
2026-03-16 21:23:30,070 [Worker-121: Building] INFO  o.e.m.c.i.embedder.EclipseLogger - Using 'UTF-8' encoding to copy filtered resources.
2026-03-16 21:23:30,072 [Worker-121: Building] INFO  o.e.m.c.i.embedder.EclipseLogger - skip non existing resourceDirectory C:\Users\Aruna Vishvanathan\eclipse-workspace\MavenProject\src\test\resources
2026-03-16 21:28:15,947 [Worker-125: Launching sedtproject] INFO  o.e.m.i.launch.MavenLaunchDelegate - C:\Users\Aruna Vishvanathan\eclipse-workspace\sedtproject
2026-03-16 21:28:15,950 [Worker-125: Launching sedtproject] INFO  o.e.m.i.launch.MavenLaunchDelegate -  mvn -B clean install
2026-03-16 21:28:17,427 [Worker-120: Building] INFO  o.e.m.c.i.l.LifecycleMappingFactory - Using org.eclipse.m2e.jdt.JarLifecycleMapping lifecycle mapping for MavenProject: SDET:MavenProject:0.0.1-SNAPSHOT @ C:\Users\Aruna Vishvanathan\eclipse-workspace\MavenProject\pom.xml.
2026-03-16 21:28:17,970 [Worker-120: Building] INFO  o.e.m.c.i.e.AbstractTransferListenerAdapter - Downloaded https://repo.maven.apache.org/maven2/org/seleniumhq/selenium/selenium-java/4.41.0/selenium-java-4.41.0.pom
2026-03-16 21:28:18,293 [Worker-120: Building] INFO  o.e.m.c.i.e.AbstractTransferListenerAdapter - Downloaded https://repo.maven.apache.org/maven2/org/seleniumhq/selenium/selenium-api/4.41.0/selenium-api-4.41.0.pom
2026-03-16 21:28:19,072 [Worker-120: Building] INFO  o.e.m.c.i.e.AbstractTransferListenerAdapter - Downloaded https://repo.maven.apache.org/maven2/org/jspecify/jspecify/1.0.0/jspecify-1.0.0.pom
2026-03-16 21:28:19,646 [Worker-120: Building] INFO  o.e.m.c.i.e.AbstractTransferListenerAdapter - Downloaded https://repo.maven.apache.org/maven2/org/seleniumhq/selenium/selenium-chrome-driver/4.41.0/selenium-chrome-driver-4.41.0.pom
2026-03-16 21:28:20,017 [Worker-120: Building] INFO  o.e.m.c.i.e.AbstractTransferListenerAdapter - Downloaded https://repo.maven.apache.org/maven2/com/google/auto/service/auto-service-annotations/1.1.1/auto-service-annotations-1.1.1.pom
2026-03-16 21:28:20,490 [Worker-120: Building] INFO  o.e.m.c.i.e.AbstractTransferListenerAdapter - Downloaded https://repo.maven.apache.org/maven2/com/google/auto/service/auto-service-aggregator/1.1.1/auto-service-aggregator-1.1.1.pom
2026-03-16 21:28:21,023 [Worker-120: Building] INFO  o.e.m.c.i.e.AbstractTransferListenerAdapter - Downloaded https://repo.maven.apache.org/maven2/org/seleniumhq/selenium/selenium-chromium-driver/4.41.0/selenium-chromium-driver-4.41.0.pom
2026-03-16 21:28:21,316 [Worker-120: Building] INFO  o.e.m.c.i.e.AbstractTransferListenerAdapter - Downloaded https://repo.maven.apache.org/maven2/org/seleniumhq/selenium/selenium-json/4.41.0/selenium-json-4.41.0.pom
2026-03-16 21:28:21,746 [Worker-120: Building] INFO  o.e.m.c.i.e.AbstractTransferListenerAdapter - Downloaded https://repo.maven.apache.org/maven2/org/seleniumhq/selenium/selenium-remote-driver/4.41.0/selenium-remote-driver-4.41.0.pom
2026-03-16 21:28:22,215 [Worker-120: Building] INFO  o.e.m.c.i.e.AbstractTransferListenerAdapter - Downloaded https://repo.maven.apache.org/maven2/com/google/guava/guava/33.5.0-jre/guava-33.5.0-jre.pom
2026-03-16 21:28:22,550 [Worker-120: Building] INFO  o.e.m.c.i.e.AbstractTransferListenerAdapter - Downloaded https://repo.maven.apache.org/maven2/com/google/guava/guava-parent/33.5.0-jre/guava-parent-33.5.0-jre.pom
2026-03-16 21:28:23,017 [Worker-120: Building] INFO  o.e.m.c.i.e.AbstractTransferListenerAdapter - Downloaded https://repo.maven.apache.org/maven2/com/google/guava/failureaccess/1.0.3/failureaccess-1.0.3.pom
2026-03-16 21:28:23,423 [Worker-120: Building] INFO  o.e.m.c.i.e.AbstractTransferListenerAdapter - Downloaded https://repo.maven.apache.org/maven2/com/google/guava/guava-parent/33.4.0-android/guava-parent-33.4.0-android.pom
2026-03-16 21:28:23,889 [Worker-120: Building] INFO  o.e.m.c.i.e.AbstractTransferListenerAdapter - Downloaded https://repo.maven.apache.org/maven2/com/google/guava/listenablefuture/9999.0-empty-to-avoid-conflict-with-guava/listenablefuture-9999.0-empty-to-avoid-conflict-with-guava.pom
2026-03-16 21:28:24,257 [Worker-120: Building] INFO  o.e.m.c.i.e.AbstractTransferListenerAdapter - Downloaded https://repo.maven.apache.org/maven2/com/google/guava/guava-parent/26.0-android/guava-parent-26.0-android.pom
2026-03-16 21:28:24,652 [Worker-120: Building] INFO  o.e.m.c.i.e.AbstractTransferListenerAdapter - Downloaded https://repo.maven.apache.org/maven2/com/google/errorprone/error_prone_annotations/2.41.0/error_prone_annotations-2.41.0.pom
2026-03-16 21:28:25,114 [Worker-120: Building] INFO  o.e.m.c.i.e.AbstractTransferListenerAdapter - Downloaded https://repo.maven.apache.org/maven2/com/google/errorprone/error_prone_parent/2.41.0/error_prone_parent-2.41.0.pom
2026-03-16 21:28:25,553 [Worker-120: Building] INFO  o.e.m.c.i.e.AbstractTransferListenerAdapter - Downloaded https://repo.maven.apache.org/maven2/com/google/j2objc/j2objc-annotations/3.1/j2objc-annotations-3.1.pom
2026-03-16 21:28:25,960 [Worker-120: Building] INFO  o.e.m.c.i.e.AbstractTransferListenerAdapter - Downloaded https://repo.maven.apache.org/maven2/io/opentelemetry/opentelemetry-api/1.59.0/opentelemetry-api-1.59.0.pom
2026-03-16 21:28:26,392 [Worker-120: Building] INFO  o.e.m.c.i.e.AbstractTransferListenerAdapter - Downloaded https://repo.maven.apache.org/maven2/io/opentelemetry/opentelemetry-context/1.59.0/opentelemetry-context-1.59.0.pom
2026-03-16 21:28:26,762 [Worker-120: Building] INFO  o.e.m.c.i.e.AbstractTransferListenerAdapter - Downloaded https://repo.maven.apache.org/maven2/io/opentelemetry/opentelemetry-common/1.59.0/opentelemetry-common-1.59.0.pom
2026-03-16 21:28:27,272 [Worker-120: Building] INFO  o.e.m.c.i.e.AbstractTransferListenerAdapter - Downloaded https://repo.maven.apache.org/maven2/io/opentelemetry/opentelemetry-exporter-logging/1.59.0/opentelemetry-exporter-logging-1.59.0.pom
2026-03-16 21:28:27,665 [Worker-120: Building] INFO  o.e.m.c.i.e.AbstractTransferListenerAdapter - Downloaded https://repo.maven.apache.org/maven2/io/opentelemetry/opentelemetry-sdk/1.59.0/opentelemetry-sdk-1.59.0.pom
2026-03-16 21:28:28,031 [Worker-120: Building] INFO  o.e.m.c.i.e.AbstractTransferListenerAdapter - Downloaded https://repo.maven.apache.org/maven2/io/opentelemetry/opentelemetry-sdk-common/1.59.0/opentelemetry-sdk-common-1.59.0.pom
2026-03-16 21:28:28,403 [Worker-120: Building] INFO  o.e.m.c.i.e.AbstractTransferListenerAdapter - Downloaded https://repo.maven.apache.org/maven2/io/opentelemetry/opentelemetry-sdk-trace/1.59.0/opentelemetry-sdk-trace-1.59.0.pom
2026-03-16 21:28:28,784 [Worker-120: Building] INFO  o.e.m.c.i.e.AbstractTransferListenerAdapter - Downloaded https://repo.maven.apache.org/maven2/io/opentelemetry/opentelemetry-sdk-metrics/1.59.0/opentelemetry-sdk-metrics-1.59.0.pom
2026-03-16 21:28:29,171 [Worker-120: Building] INFO  o.e.m.c.i.e.AbstractTransferListenerAdapter - Downloaded https://repo.maven.apache.org/maven2/io/opentelemetry/opentelemetry-sdk-logs/1.59.0/opentelemetry-sdk-logs-1.59.0.pom
2026-03-16 21:28:29,549 [Worker-120: Building] INFO  o.e.m.c.i.e.AbstractTransferListenerAdapter - Downloaded https://repo.maven.apache.org/maven2/io/opentelemetry/opentelemetry-sdk-extension-autoconfigure-spi/1.59.0/opentelemetry-sdk-extension-autoconfigure-spi-1.59.0.pom
2026-03-16 21:28:29,851 [Worker-120: Building] INFO  o.e.m.c.i.e.AbstractTransferListenerAdapter - Downloaded https://repo.maven.apache.org/maven2/io/opentelemetry/opentelemetry-sdk-extension-autoconfigure/1.59.0/opentelemetry-sdk-extension-autoconfigure-1.59.0.pom
2026-03-16 21:28:30,201 [Worker-120: Building] INFO  o.e.m.c.i.e.AbstractTransferListenerAdapter - Downloaded https://repo.maven.apache.org/maven2/net/bytebuddy/byte-buddy/1.18.5/byte-buddy-1.18.5.pom
2026-03-16 21:28:30,456 [Worker-120: Building] INFO  o.e.m.c.i.e.AbstractTransferListenerAdapter - Downloaded https://repo.maven.apache.org/maven2/net/bytebuddy/byte-buddy-parent/1.18.5/byte-buddy-parent-1.18.5.pom
2026-03-16 21:28:30,775 [Worker-120: Building] INFO  o.e.m.c.i.e.AbstractTransferListenerAdapter - Downloaded https://repo.maven.apache.org/maven2/org/seleniumhq/selenium/selenium-http/4.41.0/selenium-http-4.41.0.pom
2026-03-16 21:28:31,104 [Worker-120: Building] INFO  o.e.m.c.i.e.AbstractTransferListenerAdapter - Downloaded https://repo.maven.apache.org/maven2/org/seleniumhq/selenium/selenium-manager/4.41.0/selenium-manager-4.41.0.pom
2026-03-16 21:28:31,400 [Worker-120: Building] INFO  o.e.m.c.i.e.AbstractTransferListenerAdapter - Downloaded https://repo.maven.apache.org/maven2/org/seleniumhq/selenium/selenium-os/4.41.0/selenium-os-4.41.0.pom
2026-03-16 21:28:31,650 [Worker-120: Building] INFO  o.e.m.c.i.e.AbstractTransferListenerAdapter - Downloaded https://repo.maven.apache.org/maven2/org/seleniumhq/selenium/selenium-devtools-v143/4.41.0/selenium-devtools-v143-4.41.0.pom
2026-03-16 21:28:32,063 [Worker-120: Building] INFO  o.e.m.c.i.e.AbstractTransferListenerAdapter - Downloaded https://repo.maven.apache.org/maven2/org/seleniumhq/selenium/selenium-devtools-v144/4.41.0/selenium-devtools-v144-4.41.0.pom
2026-03-16 21:28:32,438 [Worker-120: Building] INFO  o.e.m.c.i.e.AbstractTransferListenerAdapter - Downloaded https://repo.maven.apache.org/maven2/org/seleniumhq/selenium/selenium-devtools-v145/4.41.0/selenium-devtools-v145-4.41.0.pom
2026-03-16 21:28:32,833 [Worker-120: Building] INFO  o.e.m.c.i.e.AbstractTransferListenerAdapter - Downloaded https://repo.maven.apache.org/maven2/org/seleniumhq/selenium/selenium-edge-driver/4.41.0/selenium-edge-driver-4.41.0.pom
2026-03-16 21:28:33,149 [Worker-120: Building] INFO  o.e.m.c.i.e.AbstractTransferListenerAdapter - Downloaded https://repo.maven.apache.org/maven2/org/seleniumhq/selenium/selenium-firefox-driver/4.41.0/selenium-firefox-driver-4.41.0.pom
2026-03-16 21:28:33,396 [Worker-120: Building] INFO  o.e.m.c.i.e.AbstractTransferListenerAdapter - Downloaded https://repo.maven.apache.org/maven2/org/seleniumhq/selenium/selenium-ie-driver/4.41.0/selenium-ie-driver-4.41.0.pom
2026-03-16 21:28:33,803 [Worker-120: Building] INFO  o.e.m.c.i.e.AbstractTransferListenerAdapter - Downloaded https://repo.maven.apache.org/maven2/org/seleniumhq/selenium/selenium-safari-driver/4.41.0/selenium-safari-driver-4.41.0.pom
2026-03-16 21:28:34,161 [Worker-120: Building] INFO  o.e.m.c.i.e.AbstractTransferListenerAdapter - Downloaded https://repo.maven.apache.org/maven2/org/seleniumhq/selenium/selenium-support/4.41.0/selenium-support-4.41.0.pom
2026-03-16 21:28:34,657 [Worker-120: Building] INFO  o.e.m.c.i.e.AbstractTransferListenerAdapter - Downloaded https://repo.maven.apache.org/maven2/org/testng/testng/7.10.2/testng-7.10.2.pom
2026-03-16 21:28:35,241 [Worker-120: Building] INFO  o.e.m.c.i.e.AbstractTransferListenerAdapter - Downloaded https://repo.maven.apache.org/maven2/com/beust/jcommander/1.82/jcommander-1.82.pom
2026-03-16 21:28:35,634 [Worker-120: Building] INFO  o.e.m.c.i.e.AbstractTransferListenerAdapter - Downloaded https://repo.maven.apache.org/maven2/org/webjars/jquery/3.7.1/jquery-3.7.1.pom
2026-03-16 21:28:35,916 [AetherRepositoryConnector-repo.maven.apache.org-5-1] INFO  o.e.m.c.i.e.AbstractTransferListenerAdapter - Downloading https://repo.maven.apache.org/maven2/org/seleniumhq/selenium/selenium-api/4.41.0/selenium-api-4.41.0.jar
2026-03-16 21:28:36,044 [AetherRepositoryConnector-repo.maven.apache.org-5-2] INFO  o.e.m.c.i.e.AbstractTransferListenerAdapter - Downloading https://repo.maven.apache.org/maven2/org/jspecify/jspecify/1.0.0/jspecify-1.0.0.jar
2026-03-16 21:28:36,044 [AetherRepositoryConnector-repo.maven.apache.org-5-3] INFO  o.e.m.c.i.e.AbstractTransferListenerAdapter - Downloading https://repo.maven.apache.org/maven2/org/seleniumhq/selenium/selenium-chrome-driver/4.41.0/selenium-chrome-driver-4.41.0.jar
2026-03-16 21:28:36,044 [AetherRepositoryConnector-repo.maven.apache.org-5-0] INFO  o.e.m.c.i.e.AbstractTransferListenerAdapter - Downloading https://repo.maven.apache.org/maven2/org/seleniumhq/selenium/selenium-java/4.41.0/selenium-java-4.41.0.jar
2026-03-16 21:28:36,045 [AetherRepositoryConnector-repo.maven.apache.org-5-4] INFO  o.e.m.c.i.e.AbstractTransferListenerAdapter - Downloading https://repo.maven.apache.org/maven2/com/google/auto/service/auto-service-annotations/1.1.1/auto-service-annotations-1.1.1.jar
2026-03-16 21:28:36,154 [AetherRepositoryConnector-repo.maven.apache.org-5-2] INFO  o.e.m.c.i.e.AbstractTransferListenerAdapter - Downloaded https://repo.maven.apache.org/maven2/org/jspecify/jspecify/1.0.0/jspecify-1.0.0.jar
2026-03-16 21:28:36,208 [AetherRepositoryConnector-repo.maven.apache.org-5-2] INFO  o.e.m.c.i.e.AbstractTransferListenerAdapter - Downloading https://repo.maven.apache.org/maven2/org/seleniumhq/selenium/selenium-chromium-driver/4.41.0/selenium-chromium-driver-4.41.0.jar
2026-03-16 21:28:36,214 [AetherRepositoryConnector-repo.maven.apache.org-5-0] INFO  o.e.m.c.i.e.AbstractTransferListenerAdapter - Downloaded https://repo.maven.apache.org/maven2/org/seleniumhq/selenium/selenium-java/4.41.0/selenium-java-4.41.0.jar
2026-03-16 21:28:36,214 [AetherRepositoryConnector-repo.maven.apache.org-5-3] INFO  o.e.m.c.i.e.AbstractTransferListenerAdapter - Downloaded https://repo.maven.apache.org/maven2/org/seleniumhq/selenium/selenium-chrome-driver/4.41.0/selenium-chrome-driver-4.41.0.jar
2026-03-16 21:28:36,290 [AetherRepositoryConnector-repo.maven.apache.org-5-1] INFO  o.e.m.c.i.e.AbstractTransferListenerAdapter - Downloaded https://repo.maven.apache.org/maven2/org/seleniumhq/selenium/selenium-api/4.41.0/selenium-api-4.41.0.jar
2026-03-16 21:28:36,302 [AetherRepositoryConnector-repo.maven.apache.org-5-3] INFO  o.e.m.c.i.e.AbstractTransferListenerAdapter - Downloading https://repo.maven.apache.org/maven2/org/seleniumhq/selenium/selenium-manager/4.41.0/selenium-manager-4.41.0.jar
2026-03-16 21:28:36,372 [AetherRepositoryConnector-repo.maven.apache.org-5-1] INFO  o.e.m.c.i.e.AbstractTransferListenerAdapter - Downloading https://repo.maven.apache.org/maven2/org/seleniumhq/selenium/selenium-devtools-v143/4.41.0/selenium-devtools-v143-4.41.0.jar
2026-03-16 21:28:36,388 [AetherRepositoryConnector-repo.maven.apache.org-5-0] INFO  o.e.m.c.i.e.AbstractTransferListenerAdapter - Downloading https://repo.maven.apache.org/maven2/org/seleniumhq/selenium/selenium-json/4.41.0/selenium-json-4.41.0.jar
2026-03-16 21:28:36,484 [AetherRepositoryConnector-repo.maven.apache.org-5-2] INFO  o.e.m.c.i.e.AbstractTransferListenerAdapter - Downloaded https://repo.maven.apache.org/maven2/org/seleniumhq/selenium/selenium-chromium-driver/4.41.0/selenium-chromium-driver-4.41.0.jar
2026-03-16 21:28:36,504 [AetherRepositoryConnector-repo.maven.apache.org-5-4] INFO  o.e.m.c.i.e.AbstractTransferListenerAdapter - Downloaded https://repo.maven.apache.org/maven2/com/google/auto/service/auto-service-annotations/1.1.1/auto-service-annotations-1.1.1.jar
2026-03-16 21:28:36,694 [AetherRepositoryConnector-repo.maven.apache.org-5-2] INFO  o.e.m.c.i.e.AbstractTransferListenerAdapter - Downloading https://repo.maven.apache.org/maven2/org/seleniumhq/selenium/selenium-devtools-v144/4.41.0/selenium-devtools-v144-4.41.0.jar
2026-03-16 21:28:36,718 [AetherRepositoryConnector-repo.maven.apache.org-5-4] INFO  o.e.m.c.i.e.AbstractTransferListenerAdapter - Downloading https://repo.maven.apache.org/maven2/org/seleniumhq/selenium/selenium-devtools-v145/4.41.0/selenium-devtools-v145-4.41.0.jar
2026-03-16 21:28:36,735 [AetherRepositoryConnector-repo.maven.apache.org-5-0] INFO  o.e.m.c.i.e.AbstractTransferListenerAdapter - Downloaded https://repo.maven.apache.org/maven2/org/seleniumhq/selenium/selenium-json/4.41.0/selenium-json-4.41.0.jar
2026-03-16 21:28:36,876 [AetherRepositoryConnector-repo.maven.apache.org-5-0] INFO  o.e.m.c.i.e.AbstractTransferListenerAdapter - Downloading https://repo.maven.apache.org/maven2/org/seleniumhq/selenium/selenium-edge-driver/4.41.0/selenium-edge-driver-4.41.0.jar
2026-03-16 21:28:37,455 [AetherRepositoryConnector-repo.maven.apache.org-5-1] INFO  o.e.m.c.i.e.AbstractTransferListenerAdapter - Downloaded https://repo.maven.apache.org/maven2/org/seleniumhq/selenium/selenium-devtools-v143/4.41.0/selenium-devtools-v143-4.41.0.jar
2026-03-16 21:28:37,616 [AetherRepositoryConnector-repo.maven.apache.org-5-1] INFO  o.e.m.c.i.e.AbstractTransferListenerAdapter - Downloading https://repo.maven.apache.org/maven2/org/seleniumhq/selenium/selenium-firefox-driver/4.41.0/selenium-firefox-driver-4.41.0.jar
2026-03-16 21:28:37,875 [AetherRepositoryConnector-repo.maven.apache.org-5-1] INFO  o.e.m.c.i.e.AbstractTransferListenerAdapter - Downloaded https://repo.maven.apache.org/maven2/org/seleniumhq/selenium/selenium-firefox-driver/4.41.0/selenium-firefox-driver-4.41.0.jar
2026-03-16 21:28:37,879 [AetherRepositoryConnector-repo.maven.apache.org-5-2] INFO  o.e.m.c.i.e.AbstractTransferListenerAdapter - Downloaded https://repo.maven.apache.org/maven2/org/seleniumhq/selenium/selenium-devtools-v144/4.41.0/selenium-devtools-v144-4.41.0.jar
2026-03-16 21:28:37,886 [AetherRepositoryConnector-repo.maven.apache.org-5-4] INFO  o.e.m.c.i.e.AbstractTransferListenerAdapter - Downloaded https://repo.maven.apache.org/maven2/org/seleniumhq/selenium/selenium-devtools-v145/4.41.0/selenium-devtools-v145-4.41.0.jar
2026-03-16 21:28:37,930 [AetherRepositoryConnector-repo.maven.apache.org-5-0] INFO  o.e.m.c.i.e.AbstractTransferListenerAdapter - Downloaded https://repo.maven.apache.org/maven2/org/seleniumhq/selenium/selenium-edge-driver/4.41.0/selenium-edge-driver-4.41.0.jar
2026-03-16 21:28:38,024 [AetherRepositoryConnector-repo.maven.apache.org-5-2] INFO  o.e.m.c.i.e.AbstractTransferListenerAdapter - Downloading https://repo.maven.apache.org/maven2/org/seleniumhq/selenium/selenium-ie-driver/4.41.0/selenium-ie-driver-4.41.0.jar
2026-03-16 21:28:38,025 [AetherRepositoryConnector-repo.maven.apache.org-5-1] INFO  o.e.m.c.i.e.AbstractTransferListenerAdapter - Downloading https://repo.maven.apache.org/maven2/org/seleniumhq/selenium/selenium-http/4.41.0/selenium-http-4.41.0.jar
2026-03-16 21:28:38,028 [AetherRepositoryConnector-repo.maven.apache.org-5-4] INFO  o.e.m.c.i.e.AbstractTransferListenerAdapter - Downloading https://repo.maven.apache.org/maven2/org/seleniumhq/selenium/selenium-remote-driver/4.41.0/selenium-remote-driver-4.41.0.jar
2026-03-16 21:28:38,121 [AetherRepositoryConnector-repo.maven.apache.org-5-0] INFO  o.e.m.c.i.e.AbstractTransferListenerAdapter - Downloading https://repo.maven.apache.org/maven2/com/google/guava/guava/33.5.0-jre/guava-33.5.0-jre.jar
2026-03-16 21:28:38,498 [AetherRepositoryConnector-repo.maven.apache.org-5-2] INFO  o.e.m.c.i.e.AbstractTransferListenerAdapter - Downloaded https://repo.maven.apache.org/maven2/org/seleniumhq/selenium/selenium-ie-driver/4.41.0/selenium-ie-driver-4.41.0.jar
2026-03-16 21:28:38,518 [AetherRepositoryConnector-repo.maven.apache.org-5-1] INFO  o.e.m.c.i.e.AbstractTransferListenerAdapter - Downloaded https://repo.maven.apache.org/maven2/org/seleniumhq/selenium/selenium-http/4.41.0/selenium-http-4.41.0.jar
2026-03-16 21:28:38,708 [AetherRepositoryConnector-repo.maven.apache.org-5-2] INFO  o.e.m.c.i.e.AbstractTransferListenerAdapter - Downloading https://repo.maven.apache.org/maven2/com/google/guava/failureaccess/1.0.3/failureaccess-1.0.3.jar
2026-03-16 21:28:38,736 [AetherRepositoryConnector-repo.maven.apache.org-5-1] INFO  o.e.m.c.i.e.AbstractTransferListenerAdapter - Downloading https://repo.maven.apache.org/maven2/com/google/guava/listenablefuture/9999.0-empty-to-avoid-conflict-with-guava/listenablefuture-9999.0-empty-to-avoid-conflict-with-guava.jar
2026-03-16 21:28:38,841 [AetherRepositoryConnector-repo.maven.apache.org-5-4] INFO  o.e.m.c.i.e.AbstractTransferListenerAdapter - Downloaded https://repo.maven.apache.org/maven2/org/seleniumhq/selenium/selenium-remote-driver/4.41.0/selenium-remote-driver-4.41.0.jar
2026-03-16 21:28:39,081 [AetherRepositoryConnector-repo.maven.apache.org-5-4] INFO  o.e.m.c.i.e.AbstractTransferListenerAdapter - Downloading https://repo.maven.apache.org/maven2/com/google/errorprone/error_prone_annotations/2.41.0/error_prone_annotations-2.41.0.jar
2026-03-16 21:28:39,152 [AetherRepositoryConnector-repo.maven.apache.org-5-1] INFO  o.e.m.c.i.e.AbstractTransferListenerAdapter - Downloaded https://repo.maven.apache.org/maven2/com/google/guava/listenablefuture/9999.0-empty-to-avoid-conflict-with-guava/listenablefuture-9999.0-empty-to-avoid-conflict-with-guava.jar
2026-03-16 21:28:39,204 [AetherRepositoryConnector-repo.maven.apache.org-5-3] INFO  o.e.m.c.i.e.AbstractTransferListenerAdapter - Downloaded https://repo.maven.apache.org/maven2/org/seleniumhq/selenium/selenium-manager/4.41.0/selenium-manager-4.41.0.jar
2026-03-16 21:28:39,209 [AetherRepositoryConnector-repo.maven.apache.org-5-2] INFO  o.e.m.c.i.e.AbstractTransferListenerAdapter - Downloaded https://repo.maven.apache.org/maven2/com/google/guava/failureaccess/1.0.3/failureaccess-1.0.3.jar
2026-03-16 21:28:39,243 [AetherRepositoryConnector-repo.maven.apache.org-5-1] INFO  o.e.m.c.i.e.AbstractTransferListenerAdapter - Downloading https://repo.maven.apache.org/maven2/com/google/j2objc/j2objc-annotations/3.1/j2objc-annotations-3.1.jar
2026-03-16 21:28:39,317 [AetherRepositoryConnector-repo.maven.apache.org-5-2] INFO  o.e.m.c.i.e.AbstractTransferListenerAdapter - Downloading https://repo.maven.apache.org/maven2/io/opentelemetry/opentelemetry-context/1.59.0/opentelemetry-context-1.59.0.jar
2026-03-16 21:28:39,317 [AetherRepositoryConnector-repo.maven.apache.org-5-3] INFO  o.e.m.c.i.e.AbstractTransferListenerAdapter - Downloading https://repo.maven.apache.org/maven2/io/opentelemetry/opentelemetry-api/1.59.0/opentelemetry-api-1.59.0.jar
2026-03-16 21:28:39,579 [AetherRepositoryConnector-repo.maven.apache.org-5-0] INFO  o.e.m.c.i.e.AbstractTransferListenerAdapter - Downloaded https://repo.maven.apache.org/maven2/com/google/guava/guava/33.5.0-jre/guava-33.5.0-jre.jar
2026-03-16 21:28:39,591 [AetherRepositoryConnector-repo.maven.apache.org-5-3] INFO  o.e.m.c.i.e.AbstractTransferListenerAdapter - Downloaded https://repo.maven.apache.org/maven2/io/opentelemetry/opentelemetry-api/1.59.0/opentelemetry-api-1.59.0.jar
2026-03-16 21:28:39,662 [AetherRepositoryConnector-repo.maven.apache.org-5-3] INFO  o.e.m.c.i.e.AbstractTransferListenerAdapter - Downloading https://repo.maven.apache.org/maven2/io/opentelemetry/opentelemetry-exporter-logging/1.59.0/opentelemetry-exporter-logging-1.59.0.jar
2026-03-16 21:28:39,669 [AetherRepositoryConnector-repo.maven.apache.org-5-0] INFO  o.e.m.c.i.e.AbstractTransferListenerAdapter - Downloading https://repo.maven.apache.org/maven2/io/opentelemetry/opentelemetry-common/1.59.0/opentelemetry-common-1.59.0.jar
2026-03-16 21:28:39,865 [AetherRepositoryConnector-repo.maven.apache.org-5-0] INFO  o.e.m.c.i.e.AbstractTransferListenerAdapter - Downloaded https://repo.maven.apache.org/maven2/io/opentelemetry/opentelemetry-common/1.59.0/opentelemetry-common-1.59.0.jar
2026-03-16 21:28:39,910 [AetherRepositoryConnector-repo.maven.apache.org-5-0] INFO  o.e.m.c.i.e.AbstractTransferListenerAdapter - Downloading https://repo.maven.apache.org/maven2/io/opentelemetry/opentelemetry-sdk-common/1.59.0/opentelemetry-sdk-common-1.59.0.jar
2026-03-16 21:28:40,028 [AetherRepositoryConnector-repo.maven.apache.org-5-0] INFO  o.e.m.c.i.e.AbstractTransferListenerAdapter - Downloaded https://repo.maven.apache.org/maven2/io/opentelemetry/opentelemetry-sdk-common/1.59.0/opentelemetry-sdk-common-1.59.0.jar
2026-03-16 21:28:40,056 [AetherRepositoryConnector-repo.maven.apache.org-5-0] INFO  o.e.m.c.i.e.AbstractTransferListenerAdapter - Downloading https://repo.maven.apache.org/maven2/io/opentelemetry/opentelemetry-sdk-extension-autoconfigure-spi/1.59.0/opentelemetry-sdk-extension-autoconfigure-spi-1.59.0.jar
2026-03-16 21:28:40,113 [AetherRepositoryConnector-repo.maven.apache.org-5-1] INFO  o.e.m.c.i.e.AbstractTransferListenerAdapter - Downloaded https://repo.maven.apache.org/maven2/com/google/j2objc/j2objc-annotations/3.1/j2objc-annotations-3.1.jar
2026-03-16 21:28:40,144 [AetherRepositoryConnector-repo.maven.apache.org-5-1] INFO  o.e.m.c.i.e.AbstractTransferListenerAdapter - Downloading https://repo.maven.apache.org/maven2/io/opentelemetry/opentelemetry-sdk-extension-autoconfigure/1.59.0/opentelemetry-sdk-extension-autoconfigure-1.59.0.jar
2026-03-16 21:28:40,146 [AetherRepositoryConnector-repo.maven.apache.org-5-4] INFO  o.e.m.c.i.e.AbstractTransferListenerAdapter - Downloaded https://repo.maven.apache.org/maven2/com/google/errorprone/error_prone_annotations/2.41.0/error_prone_annotations-2.41.0.jar
2026-03-16 21:28:40,182 [AetherRepositoryConnector-repo.maven.apache.org-5-4] INFO  o.e.m.c.i.e.AbstractTransferListenerAdapter - Downloading https://repo.maven.apache.org/maven2/io/opentelemetry/opentelemetry-sdk-trace/1.59.0/opentelemetry-sdk-trace-1.59.0.jar
2026-03-16 21:28:40,290 [AetherRepositoryConnector-repo.maven.apache.org-5-3] INFO  o.e.m.c.i.e.AbstractTransferListenerAdapter - Downloaded https://repo.maven.apache.org/maven2/io/opentelemetry/opentelemetry-exporter-logging/1.59.0/opentelemetry-exporter-logging-1.59.0.jar
2026-03-16 21:28:40,334 [AetherRepositoryConnector-repo.maven.apache.org-5-4] INFO  o.e.m.c.i.e.AbstractTransferListenerAdapter - Downloaded https://repo.maven.apache.org/maven2/io/opentelemetry/opentelemetry-sdk-trace/1.59.0/opentelemetry-sdk-trace-1.59.0.jar
2026-03-16 21:28:40,336 [AetherRepositoryConnector-repo.maven.apache.org-5-3] INFO  o.e.m.c.i.e.AbstractTransferListenerAdapter - Downloading https://repo.maven.apache.org/maven2/io/opentelemetry/opentelemetry-sdk/1.59.0/opentelemetry-sdk-1.59.0.jar
2026-03-16 21:28:40,367 [AetherRepositoryConnector-repo.maven.apache.org-5-4] INFO  o.e.m.c.i.e.AbstractTransferListenerAdapter - Downloading https://repo.maven.apache.org/maven2/io/opentelemetry/opentelemetry-sdk-metrics/1.59.0/opentelemetry-sdk-metrics-1.59.0.jar
2026-03-16 21:28:40,548 [AetherRepositoryConnector-repo.maven.apache.org-5-2] INFO  o.e.m.c.i.e.AbstractTransferListenerAdapter - Downloaded https://repo.maven.apache.org/maven2/io/opentelemetry/opentelemetry-context/1.59.0/opentelemetry-context-1.59.0.jar
2026-03-16 21:28:40,606 [AetherRepositoryConnector-repo.maven.apache.org-5-4] INFO  o.e.m.c.i.e.AbstractTransferListenerAdapter - Downloaded https://repo.maven.apache.org/maven2/io/opentelemetry/opentelemetry-sdk-metrics/1.59.0/opentelemetry-sdk-metrics-1.59.0.jar
2026-03-16 21:28:40,627 [AetherRepositoryConnector-repo.maven.apache.org-5-2] INFO  o.e.m.c.i.e.AbstractTransferListenerAdapter - Downloading https://repo.maven.apache.org/maven2/io/opentelemetry/opentelemetry-sdk-logs/1.59.0/opentelemetry-sdk-logs-1.59.0.jar
2026-03-16 21:28:40,699 [AetherRepositoryConnector-repo.maven.apache.org-5-4] INFO  o.e.m.c.i.e.AbstractTransferListenerAdapter - Downloading https://repo.maven.apache.org/maven2/net/bytebuddy/byte-buddy/1.18.5/byte-buddy-1.18.5.jar
2026-03-16 21:28:41,008 [AetherRepositoryConnector-repo.maven.apache.org-5-2] INFO  o.e.m.c.i.e.AbstractTransferListenerAdapter - Downloaded https://repo.maven.apache.org/maven2/io/opentelemetry/opentelemetry-sdk-logs/1.59.0/opentelemetry-sdk-logs-1.59.0.jar
2026-03-16 21:28:41,027 [AetherRepositoryConnector-repo.maven.apache.org-5-0] INFO  o.e.m.c.i.e.AbstractTransferListenerAdapter - Downloaded https://repo.maven.apache.org/maven2/io/opentelemetry/opentelemetry-sdk-extension-autoconfigure-spi/1.59.0/opentelemetry-sdk-extension-autoconfigure-spi-1.59.0.jar
2026-03-16 21:28:41,195 [AetherRepositoryConnector-repo.maven.apache.org-5-3] INFO  o.e.m.c.i.e.AbstractTransferListenerAdapter - Downloaded https://repo.maven.apache.org/maven2/io/opentelemetry/opentelemetry-sdk/1.59.0/opentelemetry-sdk-1.59.0.jar
2026-03-16 21:28:41,196 [AetherRepositoryConnector-repo.maven.apache.org-5-1] INFO  o.e.m.c.i.e.AbstractTransferListenerAdapter - Downloaded https://repo.maven.apache.org/maven2/io/opentelemetry/opentelemetry-sdk-extension-autoconfigure/1.59.0/opentelemetry-sdk-extension-autoconfigure-1.59.0.jar
2026-03-16 21:28:41,232 [AetherRepositoryConnector-repo.maven.apache.org-5-2] INFO  o.e.m.c.i.e.AbstractTransferListenerAdapter - Downloading https://repo.maven.apache.org/maven2/org/seleniumhq/selenium/selenium-os/4.41.0/selenium-os-4.41.0.jar
2026-03-16 21:28:41,233 [AetherRepositoryConnector-repo.maven.apache.org-5-0] INFO  o.e.m.c.i.e.AbstractTransferListenerAdapter - Downloading https://repo.maven.apache.org/maven2/org/seleniumhq/selenium/selenium-safari-driver/4.41.0/selenium-safari-driver-4.41.0.jar
2026-03-16 21:28:41,324 [AetherRepositoryConnector-repo.maven.apache.org-5-3] INFO  o.e.m.c.i.e.AbstractTransferListenerAdapter - Downloading https://repo.maven.apache.org/maven2/org/seleniumhq/selenium/selenium-support/4.41.0/selenium-support-4.41.0.jar
2026-03-16 21:28:41,334 [AetherRepositoryConnector-repo.maven.apache.org-5-1] INFO  o.e.m.c.i.e.AbstractTransferListenerAdapter - Downloading https://repo.maven.apache.org/maven2/org/testng/testng/7.10.2/testng-7.10.2.jar
2026-03-16 21:28:41,551 [AetherRepositoryConnector-repo.maven.apache.org-5-2] INFO  o.e.m.c.i.e.AbstractTransferListenerAdapter - Downloaded https://repo.maven.apache.org/maven2/org/seleniumhq/selenium/selenium-os/4.41.0/selenium-os-4.41.0.jar
2026-03-16 21:28:41,561 [AetherRepositoryConnector-repo.maven.apache.org-5-0] INFO  o.e.m.c.i.e.AbstractTransferListenerAdapter - Downloaded https://repo.maven.apache.org/maven2/org/seleniumhq/selenium/selenium-safari-driver/4.41.0/selenium-safari-driver-4.41.0.jar
2026-03-16 21:28:41,575 [AetherRepositoryConnector-repo.maven.apache.org-5-3] INFO  o.e.m.c.i.e.AbstractTransferListenerAdapter - Downloaded https://repo.maven.apache.org/maven2/org/seleniumhq/selenium/selenium-support/4.41.0/selenium-support-4.41.0.jar
2026-03-16 21:28:41,708 [AetherRepositoryConnector-repo.maven.apache.org-5-2] INFO  o.e.m.c.i.e.AbstractTransferListenerAdapter - Downloading https://repo.maven.apache.org/maven2/com/beust/jcommander/1.82/jcommander-1.82.jar
2026-03-16 21:28:41,708 [AetherRepositoryConnector-repo.maven.apache.org-5-0] INFO  o.e.m.c.i.e.AbstractTransferListenerAdapter - Downloading https://repo.maven.apache.org/maven2/org/webjars/jquery/3.7.1/jquery-3.7.1.jar
2026-03-16 21:28:42,025 [AetherRepositoryConnector-repo.maven.apache.org-5-1] INFO  o.e.m.c.i.e.AbstractTransferListenerAdapter - Downloaded https://repo.maven.apache.org/maven2/org/testng/testng/7.10.2/testng-7.10.2.jar
2026-03-16 21:28:42,057 [AetherRepositoryConnector-repo.maven.apache.org-5-2] INFO  o.e.m.c.i.e.AbstractTransferListenerAdapter - Downloaded https://repo.maven.apache.org/maven2/com/beust/jcommander/1.82/jcommander-1.82.jar
2026-03-16 21:28:42,220 [AetherRepositoryConnector-repo.maven.apache.org-5-0] INFO  o.e.m.c.i.e.AbstractTransferListenerAdapter - Downloaded https://repo.maven.apache.org/maven2/org/webjars/jquery/3.7.1/jquery-3.7.1.jar
2026-03-16 21:28:42,717 [AetherRepositoryConnector-repo.maven.apache.org-5-4] INFO  o.e.m.c.i.e.AbstractTransferListenerAdapter - Downloaded https://repo.maven.apache.org/maven2/net/bytebuddy/byte-buddy/1.18.5/byte-buddy-1.18.5.jar
2026-03-16 21:28:45,083 [Worker-129: Download sources and javadoc] INFO  o.e.m.c.i.e.AbstractTransferListenerAdapter - Downloading https://repo.maven.apache.org/maven2/org/seleniumhq/selenium/selenium-java/4.41.0/selenium-java-4.41.0-sources.jar
2026-03-16 21:28:45,421 [Worker-129: Download sources and javadoc] INFO  o.e.m.c.i.e.AbstractTransferListenerAdapter - Downloaded https://repo.maven.apache.org/maven2/org/seleniumhq/selenium/selenium-java/4.41.0/selenium-java-4.41.0-sources.jar
2026-03-16 21:28:45,440 [Worker-129: Download sources and javadoc] INFO  o.e.m.j.internal.DownloadSourcesJob - Downloaded sources for org.seleniumhq.selenium:selenium-java:4.41.0
2026-03-16 21:28:45,694 [Worker-129: Download sources and javadoc] INFO  o.e.m.c.i.e.AbstractTransferListenerAdapter - Downloading https://repo.maven.apache.org/maven2/org/seleniumhq/selenium/selenium-api/4.41.0/selenium-api-4.41.0-sources.jar
2026-03-16 21:28:45,995 [Worker-129: Download sources and javadoc] INFO  o.e.m.c.i.e.AbstractTransferListenerAdapter - Downloaded https://repo.maven.apache.org/maven2/org/seleniumhq/selenium/selenium-api/4.41.0/selenium-api-4.41.0-sources.jar
2026-03-16 21:28:46,020 [Worker-129: Download sources and javadoc] INFO  o.e.m.j.internal.DownloadSourcesJob - Downloaded sources for org.seleniumhq.selenium:selenium-api:4.41.0
2026-03-16 21:28:46,233 [Worker-129: Download sources and javadoc] INFO  o.e.m.c.i.e.AbstractTransferListenerAdapter - Downloading https://repo.maven.apache.org/maven2/org/jspecify/jspecify/1.0.0/jspecify-1.0.0-sources.jar
2026-03-16 21:28:46,722 [Worker-129: Download sources and javadoc] INFO  o.e.m.c.i.e.AbstractTransferListenerAdapter - Downloaded https://repo.maven.apache.org/maven2/org/jspecify/jspecify/1.0.0/jspecify-1.0.0-sources.jar
2026-03-16 21:28:46,739 [Worker-129: Download sources and javadoc] INFO  o.e.m.j.internal.DownloadSourcesJob - Downloaded sources for org.jspecify:jspecify:1.0.0
2026-03-16 21:28:47,076 [Worker-129: Download sources and javadoc] INFO  o.e.m.c.i.e.AbstractTransferListenerAdapter - Downloading https://repo.maven.apache.org/maven2/org/seleniumhq/selenium/selenium-chrome-driver/4.41.0/selenium-chrome-driver-4.41.0-sources.jar
2026-03-16 21:28:47,733 [Worker-129: Download sources and javadoc] INFO  o.e.m.c.i.e.AbstractTransferListenerAdapter - Downloaded https://repo.maven.apache.org/maven2/org/seleniumhq/selenium/selenium-chrome-driver/4.41.0/selenium-chrome-driver-4.41.0-sources.jar
2026-03-16 21:28:47,751 [Worker-129: Download sources and javadoc] INFO  o.e.m.j.internal.DownloadSourcesJob - Downloaded sources for org.seleniumhq.selenium:selenium-chrome-driver:4.41.0
2026-03-16 21:28:47,959 [Worker-129: Download sources and javadoc] INFO  o.e.m.c.i.e.AbstractTransferListenerAdapter - Downloading https://repo.maven.apache.org/maven2/com/google/auto/service/auto-service-annotations/1.1.1/auto-service-annotations-1.1.1-sources.jar
2026-03-16 21:28:48,205 [Worker-129: Download sources and javadoc] INFO  o.e.m.c.i.e.AbstractTransferListenerAdapter - Downloaded https://repo.maven.apache.org/maven2/com/google/auto/service/auto-service-annotations/1.1.1/auto-service-annotations-1.1.1-sources.jar
2026-03-16 21:28:48,224 [Worker-129: Download sources and javadoc] INFO  o.e.m.j.internal.DownloadSourcesJob - Downloaded sources for com.google.auto.service:auto-service-annotations:1.1.1
2026-03-16 21:28:48,429 [Worker-129: Download sources and javadoc] INFO  o.e.m.c.i.e.AbstractTransferListenerAdapter - Downloading https://repo.maven.apache.org/maven2/org/seleniumhq/selenium/selenium-chromium-driver/4.41.0/selenium-chromium-driver-4.41.0-sources.jar
2026-03-16 21:28:49,579 [Worker-129: Download sources and javadoc] INFO  o.e.m.c.i.e.AbstractTransferListenerAdapter - Downloaded https://repo.maven.apache.org/maven2/org/seleniumhq/selenium/selenium-chromium-driver/4.41.0/selenium-chromium-driver-4.41.0-sources.jar
2026-03-16 21:28:49,597 [Worker-129: Download sources and javadoc] INFO  o.e.m.j.internal.DownloadSourcesJob - Downloaded sources for org.seleniumhq.selenium:selenium-chromium-driver:4.41.0
2026-03-16 21:28:49,781 [Worker-129: Download sources and javadoc] INFO  o.e.m.c.i.e.AbstractTransferListenerAdapter - Downloading https://repo.maven.apache.org/maven2/org/seleniumhq/selenium/selenium-json/4.41.0/selenium-json-4.41.0-sources.jar
2026-03-16 21:28:50,972 [Worker-120: Building] INFO  o.e.m.c.i.embedder.EclipseLogger - Using 'UTF-8' encoding to copy filtered resources.
2026-03-16 21:28:50,972 [Worker-120: Building] INFO  o.e.m.c.i.embedder.EclipseLogger - skip non existing resourceDirectory C:\Users\Aruna Vishvanathan\eclipse-workspace\MavenProject\src\main\resources
2026-03-16 21:28:50,977 [Worker-120: Building] INFO  o.e.m.c.i.embedder.EclipseLogger - Using 'UTF-8' encoding to copy filtered resources.
2026-03-16 21:28:50,979 [Worker-120: Building] INFO  o.e.m.c.i.embedder.EclipseLogger - skip non existing resourceDirectory C:\Users\Aruna Vishvanathan\eclipse-workspace\MavenProject\src\test\resources
2026-03-16 21:28:51,402 [Worker-129: Download sources and javadoc] INFO  o.e.m.c.i.e.AbstractTransferListenerAdapter - Downloaded https://repo.maven.apache.org/maven2/org/seleniumhq/selenium/selenium-json/4.41.0/selenium-json-4.41.0-sources.jar
2026-03-16 21:28:51,422 [Worker-129: Download sources and javadoc] INFO  o.e.m.j.internal.DownloadSourcesJob - Downloaded sources for org.seleniumhq.selenium:selenium-json:4.41.0
2026-03-16 21:28:51,555 [Worker-129: Download sources and javadoc] INFO  o.e.m.c.i.e.AbstractTransferListenerAdapter - Downloading https://repo.maven.apache.org/maven2/org/seleniumhq/selenium/selenium-manager/4.41.0/selenium-manager-4.41.0-sources.jar
2026-03-16 21:28:52,036 [Worker-129: Download sources and javadoc] INFO  o.e.m.c.i.e.AbstractTransferListenerAdapter - Downloaded https://repo.maven.apache.org/maven2/org/seleniumhq/selenium/selenium-manager/4.41.0/selenium-manager-4.41.0-sources.jar
2026-03-16 21:28:52,055 [Worker-129: Download sources and javadoc] INFO  o.e.m.j.internal.DownloadSourcesJob - Downloaded sources for org.seleniumhq.selenium:selenium-manager:4.41.0
2026-03-16 21:28:52,315 [Worker-129: Download sources and javadoc] INFO  o.e.m.c.i.e.AbstractTransferListenerAdapter - Downloading https://repo.maven.apache.org/maven2/org/seleniumhq/selenium/selenium-devtools-v143/4.41.0/selenium-devtools-v143-4.41.0-sources.jar
2026-03-16 21:28:52,859 [Worker-129: Download sources and javadoc] INFO  o.e.m.c.i.e.AbstractTransferListenerAdapter - Downloaded https://repo.maven.apache.org/maven2/org/seleniumhq/selenium/selenium-devtools-v143/4.41.0/selenium-devtools-v143-4.41.0-sources.jar
2026-03-16 21:28:52,876 [Worker-129: Download sources and javadoc] INFO  o.e.m.j.internal.DownloadSourcesJob - Downloaded sources for org.seleniumhq.selenium:selenium-devtools-v143:4.41.0
2026-03-16 21:28:53,048 [Worker-125: Building] INFO  o.e.m.c.i.embedder.EclipseLogger - Using 'UTF-8' encoding to copy filtered resources.
2026-03-16 21:28:53,049 [Worker-125: Building] INFO  o.e.m.c.i.embedder.EclipseLogger - skip non existing resourceDirectory C:\Users\Aruna Vishvanathan\eclipse-workspace\MavenProject\src\main\resources
2026-03-16 21:28:53,053 [Worker-125: Building] INFO  o.e.m.c.i.embedder.EclipseLogger - Using 'UTF-8' encoding to copy filtered resources.
2026-03-16 21:28:53,053 [Worker-125: Building] INFO  o.e.m.c.i.embedder.EclipseLogger - skip non existing resourceDirectory C:\Users\Aruna Vishvanathan\eclipse-workspace\MavenProject\src\test\resources
2026-03-16 21:28:53,266 [Worker-129: Download sources and javadoc] INFO  o.e.m.c.i.e.AbstractTransferListenerAdapter - Downloading https://repo.maven.apache.org/maven2/org/seleniumhq/selenium/selenium-devtools-v144/4.41.0/selenium-devtools-v144-4.41.0-sources.jar
2026-03-16 21:28:53,906 [Worker-129: Download sources and javadoc] INFO  o.e.m.c.i.e.AbstractTransferListenerAdapter - Downloaded https://repo.maven.apache.org/maven2/org/seleniumhq/selenium/selenium-devtools-v144/4.41.0/selenium-devtools-v144-4.41.0-sources.jar
2026-03-16 21:28:53,925 [Worker-129: Download sources and javadoc] INFO  o.e.m.j.internal.DownloadSourcesJob - Downloaded sources for org.seleniumhq.selenium:selenium-devtools-v144:4.41.0
2026-03-16 21:28:53,983 [Worker-125: Building] INFO  o.e.m.c.i.l.LifecycleMappingFactory - Using org.eclipse.m2e.jdt.JarLifecycleMapping lifecycle mapping for MavenProject: com.testing:sedtproject:0.0.1-SNAPSHOT @ C:\Users\Aruna Vishvanathan\eclipse-workspace\sedtproject\pom.xml.
2026-03-16 21:28:54,124 [Worker-129: Download sources and javadoc] INFO  o.e.m.c.i.e.AbstractTransferListenerAdapter - Downloading https://repo.maven.apache.org/maven2/org/seleniumhq/selenium/selenium-devtools-v145/4.41.0/selenium-devtools-v145-4.41.0-sources.jar
2026-03-16 21:28:54,428 [Worker-129: Download sources and javadoc] INFO  o.e.m.c.i.e.AbstractTransferListenerAdapter - Downloaded https://repo.maven.apache.org/maven2/org/seleniumhq/selenium/selenium-devtools-v145/4.41.0/selenium-devtools-v145-4.41.0-sources.jar
2026-03-16 21:28:54,447 [Worker-129: Download sources and javadoc] INFO  o.e.m.j.internal.DownloadSourcesJob - Downloaded sources for org.seleniumhq.selenium:selenium-devtools-v145:4.41.0
2026-03-16 21:28:54,628 [Worker-129: Download sources and javadoc] INFO  o.e.m.c.i.e.AbstractTransferListenerAdapter - Downloading https://repo.maven.apache.org/maven2/org/seleniumhq/selenium/selenium-edge-driver/4.41.0/selenium-edge-driver-4.41.0-sources.jar
2026-03-16 21:28:55,216 [Worker-129: Download sources and javadoc] INFO  o.e.m.c.i.e.AbstractTransferListenerAdapter - Downloaded https://repo.maven.apache.org/maven2/org/seleniumhq/selenium/selenium-edge-driver/4.41.0/selenium-edge-driver-4.41.0-sources.jar
2026-03-16 21:28:55,234 [Worker-129: Download sources and javadoc] INFO  o.e.m.j.internal.DownloadSourcesJob - Downloaded sources for org.seleniumhq.selenium:selenium-edge-driver:4.41.0
2026-03-16 21:28:55,443 [Worker-129: Download sources and javadoc] INFO  o.e.m.c.i.e.AbstractTransferListenerAdapter - Downloading https://repo.maven.apache.org/maven2/org/seleniumhq/selenium/selenium-firefox-driver/4.41.0/selenium-firefox-driver-4.41.0-sources.jar
2026-03-16 21:28:56,930 [Worker-129: Download sources and javadoc] INFO  o.e.m.c.i.e.AbstractTransferListenerAdapter - Downloaded https://repo.maven.apache.org/maven2/org/seleniumhq/selenium/selenium-firefox-driver/4.41.0/selenium-firefox-driver-4.41.0-sources.jar
2026-03-16 21:28:56,950 [Worker-129: Download sources and javadoc] INFO  o.e.m.j.internal.DownloadSourcesJob - Downloaded sources for org.seleniumhq.selenium:selenium-firefox-driver:4.41.0
2026-03-16 21:28:57,175 [Worker-129: Download sources and javadoc] INFO  o.e.m.c.i.e.AbstractTransferListenerAdapter - Downloading https://repo.maven.apache.org/maven2/org/seleniumhq/selenium/selenium-http/4.41.0/selenium-http-4.41.0-sources.jar
2026-03-16 21:28:59,240 [Worker-129: Download sources and javadoc] INFO  o.e.m.c.i.e.AbstractTransferListenerAdapter - Downloaded https://repo.maven.apache.org/maven2/org/seleniumhq/selenium/selenium-http/4.41.0/selenium-http-4.41.0-sources.jar
2026-03-16 21:28:59,268 [Worker-129: Download sources and javadoc] INFO  o.e.m.j.internal.DownloadSourcesJob - Downloaded sources for org.seleniumhq.selenium:selenium-http:4.41.0
2026-03-16 21:28:59,763 [Worker-129: Download sources and javadoc] INFO  o.e.m.c.i.e.AbstractTransferListenerAdapter - Downloading https://repo.maven.apache.org/maven2/org/seleniumhq/selenium/selenium-ie-driver/4.41.0/selenium-ie-driver-4.41.0-sources.jar
2026-03-16 21:29:00,437 [Worker-129: Download sources and javadoc] INFO  o.e.m.c.i.e.AbstractTransferListenerAdapter - Downloaded https://repo.maven.apache.org/maven2/org/seleniumhq/selenium/selenium-ie-driver/4.41.0/selenium-ie-driver-4.41.0-sources.jar
2026-03-16 21:29:00,455 [Worker-129: Download sources and javadoc] INFO  o.e.m.j.internal.DownloadSourcesJob - Downloaded sources for org.seleniumhq.selenium:selenium-ie-driver:4.41.0
2026-03-16 21:29:00,668 [Worker-129: Download sources and javadoc] INFO  o.e.m.c.i.e.AbstractTransferListenerAdapter - Downloading https://repo.maven.apache.org/maven2/org/seleniumhq/selenium/selenium-remote-driver/4.41.0/selenium-remote-driver-4.41.0-sources.jar
2026-03-16 21:29:01,009 [Worker-129: Download sources and javadoc] INFO  o.e.m.c.i.e.AbstractTransferListenerAdapter - Downloaded https://repo.maven.apache.org/maven2/org/seleniumhq/selenium/selenium-remote-driver/4.41.0/selenium-remote-driver-4.41.0-sources.jar
2026-03-16 21:29:01,042 [Worker-129: Download sources and javadoc] INFO  o.e.m.j.internal.DownloadSourcesJob - Downloaded sources for org.seleniumhq.selenium:selenium-remote-driver:4.41.0
2026-03-16 21:29:01,246 [Worker-129: Download sources and javadoc] INFO  o.e.m.c.i.e.AbstractTransferListenerAdapter - Downloading https://repo.maven.apache.org/maven2/com/google/guava/guava/33.5.0-jre/guava-33.5.0-jre-sources.jar
2026-03-16 21:29:03,033 [Worker-129: Download sources and javadoc] INFO  o.e.m.c.i.e.AbstractTransferListenerAdapter - Downloaded https://repo.maven.apache.org/maven2/com/google/guava/guava/33.5.0-jre/guava-33.5.0-jre-sources.jar
2026-03-16 21:29:03,057 [Worker-129: Download sources and javadoc] INFO  o.e.m.j.internal.DownloadSourcesJob - Downloaded sources for com.google.guava:guava:33.5.0-jre
2026-03-16 21:29:03,383 [Worker-129: Download sources and javadoc] INFO  o.e.m.c.i.e.AbstractTransferListenerAdapter - Downloading https://repo.maven.apache.org/maven2/com/google/guava/failureaccess/1.0.3/failureaccess-1.0.3-sources.jar
2026-03-16 21:29:03,801 [Worker-129: Download sources and javadoc] INFO  o.e.m.c.i.e.AbstractTransferListenerAdapter - Downloaded https://repo.maven.apache.org/maven2/com/google/guava/failureaccess/1.0.3/failureaccess-1.0.3-sources.jar
2026-03-16 21:29:03,813 [Worker-129: Download sources and javadoc] INFO  o.e.m.j.internal.DownloadSourcesJob - Downloaded sources for com.google.guava:failureaccess:1.0.3
2026-03-16 21:29:04,000 [Worker-129: Download sources and javadoc] INFO  o.e.m.c.i.e.AbstractTransferListenerAdapter - Downloaded https://repo.maven.apache.org/maven2/com/google/guava/listenablefuture/9999.0-empty-to-avoid-conflict-with-guava/listenablefuture-9999.0-empty-to-avoid-conflict-with-guava-sources.jar
2026-03-16 21:29:04,059 [Worker-129: Download sources and javadoc] ERROR o.e.m.j.internal.DownloadSourcesJob - Could not download sources for com.google.guava:listenablefuture:9999.0-empty-to-avoid-conflict-with-guava
org.eclipse.core.runtime.CoreException: Could not resolve artifact com.google.guava:listenablefuture:jar:sources:9999.0-empty-to-avoid-conflict-with-guava
	at org.eclipse.m2e.core.internal.embedder.MavenImpl.lambda$4(MavenImpl.java:804)
	at org.eclipse.m2e.core.internal.embedder.MavenExecutionContext.executeBare(MavenExecutionContext.java:179)
	at org.eclipse.m2e.core.internal.embedder.MavenExecutionContext.execute(MavenExecutionContext.java:114)
	at org.eclipse.m2e.core.internal.embedder.MavenExecutionContext.execute(MavenExecutionContext.java:101)
	at org.eclipse.m2e.core.internal.embedder.MavenImpl.resolve(MavenImpl.java:772)
	at org.eclipse.m2e.core.internal.embedder.MavenImpl.resolve(MavenImpl.java:749)
	at org.eclipse.m2e.jdt.internal.DownloadSourcesJob.download(DownloadSourcesJob.java:330)
	at org.eclipse.m2e.jdt.internal.DownloadSourcesJob.downloadAttachments(DownloadSourcesJob.java:304)
	at org.eclipse.m2e.jdt.internal.DownloadSourcesJob.downloadMaven(DownloadSourcesJob.java:269)
	at org.eclipse.m2e.jdt.internal.DownloadSourcesJob.downloadFilesAndPopulateToUpdate(DownloadSourcesJob.java:233)
	at org.eclipse.m2e.jdt.internal.DownloadSourcesJob.lambda$0(DownloadSourcesJob.java:161)
	at org.eclipse.m2e.core.internal.embedder.MavenExecutionContext.executeBare(MavenExecutionContext.java:179)
	at org.eclipse.m2e.core.internal.embedder.MavenExecutionContext.execute(MavenExecutionContext.java:153)
	at org.eclipse.m2e.core.internal.embedder.MavenExecutionContext.execute(MavenExecutionContext.java:101)
	at org.eclipse.m2e.core.internal.embedder.MavenImpl.execute(MavenImpl.java:1374)
	at org.eclipse.m2e.jdt.internal.DownloadSourcesJob.run(DownloadSourcesJob.java:161)
	at org.eclipse.core.internal.jobs.Worker.run(Worker.java:63)
2026-03-16 21:29:04,184 [Worker-129: Download sources and javadoc] INFO  o.e.m.c.i.e.AbstractTransferListenerAdapter - Downloading https://repo.maven.apache.org/maven2/com/google/errorprone/error_prone_annotations/2.41.0/error_prone_annotations-2.41.0-sources.jar
2026-03-16 21:29:05,475 [Worker-129: Download sources and javadoc] INFO  o.e.m.c.i.e.AbstractTransferListenerAdapter - Downloaded https://repo.maven.apache.org/maven2/com/google/errorprone/error_prone_annotations/2.41.0/error_prone_annotations-2.41.0-sources.jar
2026-03-16 21:29:05,491 [Worker-129: Download sources and javadoc] INFO  o.e.m.j.internal.DownloadSourcesJob - Downloaded sources for com.google.errorprone:error_prone_annotations:2.41.0
2026-03-16 21:29:05,761 [Worker-129: Download sources and javadoc] INFO  o.e.m.c.i.e.AbstractTransferListenerAdapter - Downloading https://repo.maven.apache.org/maven2/com/google/j2objc/j2objc-annotations/3.1/j2objc-annotations-3.1-sources.jar
2026-03-16 21:29:06,597 [Worker-129: Download sources and javadoc] INFO  o.e.m.c.i.e.AbstractTransferListenerAdapter - Downloaded https://repo.maven.apache.org/maven2/com/google/j2objc/j2objc-annotations/3.1/j2objc-annotations-3.1-sources.jar
2026-03-16 21:29:06,612 [Worker-129: Download sources and javadoc] INFO  o.e.m.j.internal.DownloadSourcesJob - Downloaded sources for com.google.j2objc:j2objc-annotations:3.1
2026-03-16 21:29:06,762 [Worker-129: Download sources and javadoc] INFO  o.e.m.c.i.e.AbstractTransferListenerAdapter - Downloading https://repo.maven.apache.org/maven2/io/opentelemetry/opentelemetry-api/1.59.0/opentelemetry-api-1.59.0-sources.jar
2026-03-16 21:29:06,929 [Worker-129: Download sources and javadoc] INFO  o.e.m.c.i.e.AbstractTransferListenerAdapter - Downloaded https://repo.maven.apache.org/maven2/io/opentelemetry/opentelemetry-api/1.59.0/opentelemetry-api-1.59.0-sources.jar
2026-03-16 21:29:06,946 [Worker-129: Download sources and javadoc] INFO  o.e.m.j.internal.DownloadSourcesJob - Downloaded sources for io.opentelemetry:opentelemetry-api:1.59.0
2026-03-16 21:29:07,108 [Worker-129: Download sources and javadoc] INFO  o.e.m.c.i.e.AbstractTransferListenerAdapter - Downloading https://repo.maven.apache.org/maven2/io/opentelemetry/opentelemetry-context/1.59.0/opentelemetry-context-1.59.0-sources.jar
2026-03-16 21:29:08,333 [Worker-129: Download sources and javadoc] INFO  o.e.m.c.i.e.AbstractTransferListenerAdapter - Downloaded https://repo.maven.apache.org/maven2/io/opentelemetry/opentelemetry-context/1.59.0/opentelemetry-context-1.59.0-sources.jar
2026-03-16 21:29:08,350 [Worker-129: Download sources and javadoc] INFO  o.e.m.j.internal.DownloadSourcesJob - Downloaded sources for io.opentelemetry:opentelemetry-context:1.59.0
2026-03-16 21:29:08,611 [Worker-129: Download sources and javadoc] INFO  o.e.m.c.i.e.AbstractTransferListenerAdapter - Downloading https://repo.maven.apache.org/maven2/io/opentelemetry/opentelemetry-common/1.59.0/opentelemetry-common-1.59.0-sources.jar
2026-03-16 21:29:08,901 [Worker-129: Download sources and javadoc] INFO  o.e.m.c.i.e.AbstractTransferListenerAdapter - Downloaded https://repo.maven.apache.org/maven2/io/opentelemetry/opentelemetry-common/1.59.0/opentelemetry-common-1.59.0-sources.jar
2026-03-16 21:29:08,926 [Worker-129: Download sources and javadoc] INFO  o.e.m.j.internal.DownloadSourcesJob - Downloaded sources for io.opentelemetry:opentelemetry-common:1.59.0
2026-03-16 21:29:09,208 [Worker-129: Download sources and javadoc] INFO  o.e.m.c.i.e.AbstractTransferListenerAdapter - Downloading https://repo.maven.apache.org/maven2/io/opentelemetry/opentelemetry-exporter-logging/1.59.0/opentelemetry-exporter-logging-1.59.0-sources.jar
2026-03-16 21:29:10,013 [Worker-129: Download sources and javadoc] INFO  o.e.m.c.i.e.AbstractTransferListenerAdapter - Downloaded https://repo.maven.apache.org/maven2/io/opentelemetry/opentelemetry-exporter-logging/1.59.0/opentelemetry-exporter-logging-1.59.0-sources.jar
2026-03-16 21:29:10,029 [Worker-129: Download sources and javadoc] INFO  o.e.m.j.internal.DownloadSourcesJob - Downloaded sources for io.opentelemetry:opentelemetry-exporter-logging:1.59.0
2026-03-16 21:29:10,195 [Worker-129: Download sources and javadoc] INFO  o.e.m.c.i.e.AbstractTransferListenerAdapter - Downloading https://repo.maven.apache.org/maven2/io/opentelemetry/opentelemetry-sdk-common/1.59.0/opentelemetry-sdk-common-1.59.0-sources.jar
2026-03-16 21:29:10,383 [Worker-129: Download sources and javadoc] INFO  o.e.m.c.i.e.AbstractTransferListenerAdapter - Downloaded https://repo.maven.apache.org/maven2/io/opentelemetry/opentelemetry-sdk-common/1.59.0/opentelemetry-sdk-common-1.59.0-sources.jar
2026-03-16 21:29:10,402 [Worker-129: Download sources and javadoc] INFO  o.e.m.j.internal.DownloadSourcesJob - Downloaded sources for io.opentelemetry:opentelemetry-sdk-common:1.59.0
2026-03-16 21:29:10,566 [Worker-129: Download sources and javadoc] INFO  o.e.m.c.i.e.AbstractTransferListenerAdapter - Downloading https://repo.maven.apache.org/maven2/io/opentelemetry/opentelemetry-sdk-extension-autoconfigure-spi/1.59.0/opentelemetry-sdk-extension-autoconfigure-spi-1.59.0-sources.jar
2026-03-16 21:29:11,602 [Worker-129: Download sources and javadoc] INFO  o.e.m.c.i.e.AbstractTransferListenerAdapter - Downloaded https://repo.maven.apache.org/maven2/io/opentelemetry/opentelemetry-sdk-extension-autoconfigure-spi/1.59.0/opentelemetry-sdk-extension-autoconfigure-spi-1.59.0-sources.jar
2026-03-16 21:29:11,620 [Worker-129: Download sources and javadoc] INFO  o.e.m.j.internal.DownloadSourcesJob - Downloaded sources for io.opentelemetry:opentelemetry-sdk-extension-autoconfigure-spi:1.59.0
2026-03-16 21:29:11,920 [Worker-129: Download sources and javadoc] INFO  o.e.m.c.i.e.AbstractTransferListenerAdapter - Downloading https://repo.maven.apache.org/maven2/io/opentelemetry/opentelemetry-sdk-extension-autoconfigure/1.59.0/opentelemetry-sdk-extension-autoconfigure-1.59.0-sources.jar
2026-03-16 21:29:13,705 [Worker-129: Download sources and javadoc] INFO  o.e.m.c.i.e.AbstractTransferListenerAdapter - Downloaded https://repo.maven.apache.org/maven2/io/opentelemetry/opentelemetry-sdk-extension-autoconfigure/1.59.0/opentelemetry-sdk-extension-autoconfigure-1.59.0-sources.jar
2026-03-16 21:29:13,722 [Worker-129: Download sources and javadoc] INFO  o.e.m.j.internal.DownloadSourcesJob - Downloaded sources for io.opentelemetry:opentelemetry-sdk-extension-autoconfigure:1.59.0
2026-03-16 21:29:14,146 [Worker-129: Download sources and javadoc] INFO  o.e.m.c.i.e.AbstractTransferListenerAdapter - Downloading https://repo.maven.apache.org/maven2/io/opentelemetry/opentelemetry-sdk-trace/1.59.0/opentelemetry-sdk-trace-1.59.0-sources.jar
2026-03-16 21:29:14,451 [Worker-129: Download sources and javadoc] INFO  o.e.m.c.i.e.AbstractTransferListenerAdapter - Downloaded https://repo.maven.apache.org/maven2/io/opentelemetry/opentelemetry-sdk-trace/1.59.0/opentelemetry-sdk-trace-1.59.0-sources.jar
2026-03-16 21:29:14,465 [Worker-129: Download sources and javadoc] INFO  o.e.m.j.internal.DownloadSourcesJob - Downloaded sources for io.opentelemetry:opentelemetry-sdk-trace:1.59.0
2026-03-16 21:29:14,741 [Worker-129: Download sources and javadoc] INFO  o.e.m.c.i.e.AbstractTransferListenerAdapter - Downloading https://repo.maven.apache.org/maven2/io/opentelemetry/opentelemetry-sdk/1.59.0/opentelemetry-sdk-1.59.0-sources.jar
2026-03-16 21:29:15,267 [Worker-129: Download sources and javadoc] INFO  o.e.m.c.i.e.AbstractTransferListenerAdapter - Downloaded https://repo.maven.apache.org/maven2/io/opentelemetry/opentelemetry-sdk/1.59.0/opentelemetry-sdk-1.59.0-sources.jar
2026-03-16 21:29:15,297 [Worker-129: Download sources and javadoc] INFO  o.e.m.j.internal.DownloadSourcesJob - Downloaded sources for io.opentelemetry:opentelemetry-sdk:1.59.0
2026-03-16 21:29:15,471 [Worker-129: Download sources and javadoc] INFO  o.e.m.c.i.e.AbstractTransferListenerAdapter - Downloading https://repo.maven.apache.org/maven2/io/opentelemetry/opentelemetry-sdk-metrics/1.59.0/opentelemetry-sdk-metrics-1.59.0-sources.jar
2026-03-16 21:29:15,712 [Worker-129: Download sources and javadoc] INFO  o.e.m.c.i.e.AbstractTransferListenerAdapter - Downloaded https://repo.maven.apache.org/maven2/io/opentelemetry/opentelemetry-sdk-metrics/1.59.0/opentelemetry-sdk-metrics-1.59.0-sources.jar
2026-03-16 21:29:15,731 [Worker-129: Download sources and javadoc] INFO  o.e.m.j.internal.DownloadSourcesJob - Downloaded sources for io.opentelemetry:opentelemetry-sdk-metrics:1.59.0
2026-03-16 21:29:15,925 [Worker-129: Download sources and javadoc] INFO  o.e.m.c.i.e.AbstractTransferListenerAdapter - Downloading https://repo.maven.apache.org/maven2/io/opentelemetry/opentelemetry-sdk-logs/1.59.0/opentelemetry-sdk-logs-1.59.0-sources.jar
2026-03-16 21:29:17,874 [Worker-129: Download sources and javadoc] INFO  o.e.m.c.i.e.AbstractTransferListenerAdapter - Downloaded https://repo.maven.apache.org/maven2/io/opentelemetry/opentelemetry-sdk-logs/1.59.0/opentelemetry-sdk-logs-1.59.0-sources.jar
2026-03-16 21:29:17,896 [Worker-129: Download sources and javadoc] INFO  o.e.m.j.internal.DownloadSourcesJob - Downloaded sources for io.opentelemetry:opentelemetry-sdk-logs:1.59.0
2026-03-16 21:29:18,128 [Worker-129: Download sources and javadoc] INFO  o.e.m.c.i.e.AbstractTransferListenerAdapter - Downloading https://repo.maven.apache.org/maven2/net/bytebuddy/byte-buddy/1.18.5/byte-buddy-1.18.5-sources.jar
2026-03-16 21:29:19,887 [Worker-129: Download sources and javadoc] INFO  o.e.m.c.i.e.AbstractTransferListenerAdapter - Downloaded https://repo.maven.apache.org/maven2/net/bytebuddy/byte-buddy/1.18.5/byte-buddy-1.18.5-sources.jar
2026-03-16 21:29:19,910 [Worker-129: Download sources and javadoc] INFO  o.e.m.j.internal.DownloadSourcesJob - Downloaded sources for net.bytebuddy:byte-buddy:1.18.5
2026-03-16 21:29:20,180 [Worker-129: Download sources and javadoc] INFO  o.e.m.c.i.e.AbstractTransferListenerAdapter - Downloading https://repo.maven.apache.org/maven2/org/seleniumhq/selenium/selenium-os/4.41.0/selenium-os-4.41.0-sources.jar
2026-03-16 21:29:20,707 [Worker-129: Download sources and javadoc] INFO  o.e.m.c.i.e.AbstractTransferListenerAdapter - Downloaded https://repo.maven.apache.org/maven2/org/seleniumhq/selenium/selenium-os/4.41.0/selenium-os-4.41.0-sources.jar
2026-03-16 21:29:20,730 [Worker-129: Download sources and javadoc] INFO  o.e.m.j.internal.DownloadSourcesJob - Downloaded sources for org.seleniumhq.selenium:selenium-os:4.41.0
2026-03-16 21:29:20,933 [Worker-129: Download sources and javadoc] INFO  o.e.m.c.i.e.AbstractTransferListenerAdapter - Downloading https://repo.maven.apache.org/maven2/org/seleniumhq/selenium/selenium-safari-driver/4.41.0/selenium-safari-driver-4.41.0-sources.jar
2026-03-16 21:29:21,841 [Worker-129: Download sources and javadoc] INFO  o.e.m.c.i.e.AbstractTransferListenerAdapter - Downloaded https://repo.maven.apache.org/maven2/org/seleniumhq/selenium/selenium-safari-driver/4.41.0/selenium-safari-driver-4.41.0-sources.jar
2026-03-16 21:29:21,859 [Worker-129: Download sources and javadoc] INFO  o.e.m.j.internal.DownloadSourcesJob - Downloaded sources for org.seleniumhq.selenium:selenium-safari-driver:4.41.0
2026-03-16 21:29:22,253 [Worker-129: Download sources and javadoc] INFO  o.e.m.c.i.e.AbstractTransferListenerAdapter - Downloading https://repo.maven.apache.org/maven2/org/seleniumhq/selenium/selenium-support/4.41.0/selenium-support-4.41.0-sources.jar
2026-03-16 21:29:22,528 [Worker-129: Download sources and javadoc] INFO  o.e.m.c.i.e.AbstractTransferListenerAdapter - Downloaded https://repo.maven.apache.org/maven2/org/seleniumhq/selenium/selenium-support/4.41.0/selenium-support-4.41.0-sources.jar
2026-03-16 21:29:22,547 [Worker-129: Download sources and javadoc] INFO  o.e.m.j.internal.DownloadSourcesJob - Downloaded sources for org.seleniumhq.selenium:selenium-support:4.41.0
2026-03-16 21:29:22,898 [Worker-129: Download sources and javadoc] INFO  o.e.m.c.i.e.AbstractTransferListenerAdapter - Downloading https://repo.maven.apache.org/maven2/org/testng/testng/7.10.2/testng-7.10.2-sources.jar
2026-03-16 21:29:23,374 [Worker-129: Download sources and javadoc] INFO  o.e.m.c.i.e.AbstractTransferListenerAdapter - Downloaded https://repo.maven.apache.org/maven2/org/testng/testng/7.10.2/testng-7.10.2-sources.jar
2026-03-16 21:29:23,397 [Worker-129: Download sources and javadoc] INFO  o.e.m.j.internal.DownloadSourcesJob - Downloaded sources for org.testng:testng:7.10.2
2026-03-16 21:29:23,575 [Worker-129: Download sources and javadoc] INFO  o.e.m.c.i.e.AbstractTransferListenerAdapter - Downloading https://repo.maven.apache.org/maven2/org/slf4j/slf4j-api/1.7.36/slf4j-api-1.7.36-sources.jar
2026-03-16 21:29:23,764 [Worker-129: Download sources and javadoc] INFO  o.e.m.c.i.e.AbstractTransferListenerAdapter - Downloaded https://repo.maven.apache.org/maven2/org/slf4j/slf4j-api/1.7.36/slf4j-api-1.7.36-sources.jar
2026-03-16 21:29:23,786 [Worker-129: Download sources and javadoc] INFO  o.e.m.j.internal.DownloadSourcesJob - Downloaded sources for org.slf4j:slf4j-api:1.7.36
2026-03-16 21:29:23,993 [Worker-129: Download sources and javadoc] INFO  o.e.m.c.i.e.AbstractTransferListenerAdapter - Downloading https://repo.maven.apache.org/maven2/com/beust/jcommander/1.82/jcommander-1.82-sources.jar
2026-03-16 21:29:24,146 [Worker-129: Download sources and javadoc] INFO  o.e.m.c.i.e.AbstractTransferListenerAdapter - Downloaded https://repo.maven.apache.org/maven2/com/beust/jcommander/1.82/jcommander-1.82-sources.jar
2026-03-16 21:29:24,165 [Worker-129: Download sources and javadoc] INFO  o.e.m.j.internal.DownloadSourcesJob - Downloaded sources for com.beust:jcommander:1.82
2026-03-16 21:29:24,301 [Worker-129: Download sources and javadoc] INFO  o.e.m.c.i.e.AbstractTransferListenerAdapter - Downloading https://repo.maven.apache.org/maven2/org/webjars/jquery/3.7.1/jquery-3.7.1-sources.jar
2026-03-16 21:29:24,566 [Worker-129: Download sources and javadoc] INFO  o.e.m.c.i.e.AbstractTransferListenerAdapter - Downloaded https://repo.maven.apache.org/maven2/org/webjars/jquery/3.7.1/jquery-3.7.1-sources.jar
2026-03-16 21:29:24,589 [Worker-129: Download sources and javadoc] INFO  o.e.m.j.internal.DownloadSourcesJob - Downloaded sources for org.webjars:jquery:3.7.1
2026-03-16 21:29:48,479 [Worker-126: Launching sedtproject] INFO  o.e.m.i.launch.MavenLaunchDelegate - C:\Users\Aruna Vishvanathan\eclipse-workspace\sedtproject
2026-03-16 21:29:48,481 [Worker-126: Launching sedtproject] INFO  o.e.m.i.launch.MavenLaunchDelegate -  mvn -B clean install
2026-03-16 21:29:50,007 [Worker-120: Building] INFO  o.e.m.c.i.l.LifecycleMappingFactory - Using org.eclipse.m2e.jdt.JarLifecycleMapping lifecycle mapping for MavenProject: SDET:MavenProject:0.0.1-SNAPSHOT @ C:\Users\Aruna Vishvanathan\eclipse-workspace\MavenProject\pom.xml.
2026-03-16 21:29:51,348 [Worker-120: Building] INFO  o.e.m.c.i.embedder.EclipseLogger - Using 'UTF-8' encoding to copy filtered resources.
2026-03-16 21:29:51,351 [Worker-120: Building] INFO  o.e.m.c.i.embedder.EclipseLogger - skip non existing resourceDirectory C:\Users\Aruna Vishvanathan\eclipse-workspace\MavenProject\src\main\resources
2026-03-16 21:29:51,357 [Worker-120: Building] INFO  o.e.m.c.i.embedder.EclipseLogger - Using 'UTF-8' encoding to copy filtered resources.
2026-03-16 21:29:51,357 [Worker-120: Building] INFO  o.e.m.c.i.embedder.EclipseLogger - skip non existing resourceDirectory C:\Users\Aruna Vishvanathan\eclipse-workspace\MavenProject\src\test\resources
2026-03-16 21:29:52,309 [Worker-127: Download sources and javadoc] INFO  o.e.m.c.i.e.AbstractTransferListenerAdapter - Downloaded https://repo.maven.apache.org/maven2/com/google/guava/listenablefuture/9999.0-empty-to-avoid-conflict-with-guava/listenablefuture-9999.0-empty-to-avoid-conflict-with-guava-javadoc.jar
2026-03-16 21:29:52,316 [Worker-127: Download sources and javadoc] ERROR o.e.m.j.internal.DownloadSourcesJob - Could not download javadoc for com.google.guava:listenablefuture:9999.0-empty-to-avoid-conflict-with-guava
org.eclipse.core.runtime.CoreException: Could not resolve artifact com.google.guava:listenablefuture:jar:javadoc:9999.0-empty-to-avoid-conflict-with-guava
	at org.eclipse.m2e.core.internal.embedder.MavenImpl.lambda$4(MavenImpl.java:804)
	at org.eclipse.m2e.core.internal.embedder.MavenExecutionContext.executeBare(MavenExecutionContext.java:179)
	at org.eclipse.m2e.core.internal.embedder.MavenExecutionContext.execute(MavenExecutionContext.java:114)
	at org.eclipse.m2e.core.internal.embedder.MavenExecutionContext.execute(MavenExecutionContext.java:101)
	at org.eclipse.m2e.core.internal.embedder.MavenImpl.resolve(MavenImpl.java:772)
	at org.eclipse.m2e.core.internal.embedder.MavenImpl.resolve(MavenImpl.java:749)
	at org.eclipse.m2e.jdt.internal.DownloadSourcesJob.download(DownloadSourcesJob.java:330)
	at org.eclipse.m2e.jdt.internal.DownloadSourcesJob.downloadAttachments(DownloadSourcesJob.java:316)
	at org.eclipse.m2e.jdt.internal.DownloadSourcesJob.downloadMaven(DownloadSourcesJob.java:269)
	at org.eclipse.m2e.jdt.internal.DownloadSourcesJob.downloadFilesAndPopulateToUpdate(DownloadSourcesJob.java:233)
	at org.eclipse.m2e.jdt.internal.DownloadSourcesJob.lambda$0(DownloadSourcesJob.java:161)
	at org.eclipse.m2e.core.internal.embedder.MavenExecutionContext.executeBare(MavenExecutionContext.java:179)
	at org.eclipse.m2e.core.internal.embedder.MavenExecutionContext.execute(MavenExecutionContext.java:153)
	at org.eclipse.m2e.core.internal.embedder.MavenExecutionContext.execute(MavenExecutionContext.java:101)
	at org.eclipse.m2e.core.internal.embedder.MavenImpl.execute(MavenImpl.java:1374)
	at org.eclipse.m2e.jdt.internal.DownloadSourcesJob.run(DownloadSourcesJob.java:161)
	at org.eclipse.core.internal.jobs.Worker.run(Worker.java:63)
2026-03-16 21:29:52,906 [Worker-127: Building] INFO  o.e.m.c.i.embedder.EclipseLogger - Using 'UTF-8' encoding to copy filtered resources.
2026-03-16 21:29:52,906 [Worker-127: Building] INFO  o.e.m.c.i.embedder.EclipseLogger - skip non existing resourceDirectory C:\Users\Aruna Vishvanathan\eclipse-workspace\MavenProject\src\main\resources
2026-03-16 21:29:52,909 [Worker-127: Building] INFO  o.e.m.c.i.embedder.EclipseLogger - Using 'UTF-8' encoding to copy filtered resources.
2026-03-16 21:29:52,910 [Worker-127: Building] INFO  o.e.m.c.i.embedder.EclipseLogger - skip non existing resourceDirectory C:\Users\Aruna Vishvanathan\eclipse-workspace\MavenProject\src\test\resources
2026-03-16 21:30:08,523 [Worker-126: Searching...] INFO  o.e.m.c.i.e.AbstractTransferListenerAdapter - Downloading https://repo.maven.apache.org/maven2/io/takari/m2e/workspace/org.eclipse.m2e.workspace.cli/0.3.1/org.eclipse.m2e.workspace.cli-0.3.1-sources.jar
2026-03-16 21:30:09,209 [Worker-126: Searching...] INFO  o.e.m.c.i.e.AbstractTransferListenerAdapter - Downloaded https://repo.maven.apache.org/maven2/io/takari/m2e/workspace/org.eclipse.m2e.workspace.cli/0.3.1/org.eclipse.m2e.workspace.cli-0.3.1-sources.jar
2026-03-16 21:30:09,761 [Worker-126: Searching...] INFO  o.e.m.c.i.e.AbstractTransferListenerAdapter - Downloading https://repo.maven.apache.org/maven2/org/codehaus/plexus/plexus-classworlds/2.9.0/plexus-classworlds-2.9.0-sources.jar
2026-03-16 21:30:09,986 [Worker-126: Searching...] INFO  o.e.m.c.i.e.AbstractTransferListenerAdapter - Downloaded https://repo.maven.apache.org/maven2/org/codehaus/plexus/plexus-classworlds/2.9.0/plexus-classworlds-2.9.0-sources.jar
2026-03-16 21:30:10,345 [Worker-126: Searching...] INFO  o.e.m.c.i.e.AbstractTransferListenerAdapter - Downloading https://repo.maven.apache.org/maven2/commons-cli/commons-cli/1.11.0/commons-cli-1.11.0-sources.jar
2026-03-16 21:30:10,568 [Worker-126: Searching...] INFO  o.e.m.c.i.e.AbstractTransferListenerAdapter - Downloaded https://repo.maven.apache.org/maven2/commons-cli/commons-cli/1.11.0/commons-cli-1.11.0-sources.jar
2026-03-16 21:30:10,770 [Worker-126: Searching...] INFO  o.e.m.c.i.e.AbstractTransferListenerAdapter - Downloading https://repo.maven.apache.org/maven2/commons-codec/commons-codec/1.21.0/commons-codec-1.21.0-sources.jar
2026-03-16 21:30:11,013 [Worker-126: Searching...] INFO  o.e.m.c.i.e.AbstractTransferListenerAdapter - Downloaded https://repo.maven.apache.org/maven2/commons-codec/commons-codec/1.21.0/commons-codec-1.21.0-sources.jar
2026-03-16 21:30:11,213 [Worker-126: Searching...] INFO  o.e.m.c.i.e.AbstractTransferListenerAdapter - Downloading https://repo.maven.apache.org/maven2/com/google/code/gson/gson/2.13.2/gson-2.13.2-sources.jar
2026-03-16 21:30:11,473 [Worker-126: Searching...] INFO  o.e.m.c.i.e.AbstractTransferListenerAdapter - Downloaded https://repo.maven.apache.org/maven2/com/google/code/gson/gson/2.13.2/gson-2.13.2-sources.jar
2026-03-16 21:30:11,659 [Worker-126: Searching...] INFO  o.e.m.c.i.e.AbstractTransferListenerAdapter - Downloading https://repo.maven.apache.org/maven2/org/apache/httpcomponents/httpclient/4.5.14/httpclient-4.5.14-sources.jar
2026-03-16 21:30:11,965 [Worker-126: Searching...] INFO  o.e.m.c.i.e.AbstractTransferListenerAdapter - Downloaded https://repo.maven.apache.org/maven2/org/apache/httpcomponents/httpclient/4.5.14/httpclient-4.5.14-sources.jar
2026-03-16 21:30:12,102 [Worker-126: Searching...] INFO  o.e.m.c.i.e.AbstractTransferListenerAdapter - Downloading https://repo.maven.apache.org/maven2/org/apache/httpcomponents/httpcore/4.4.16/httpcore-4.4.16-sources.jar
2026-03-16 21:30:12,345 [Worker-126: Searching...] INFO  o.e.m.c.i.e.AbstractTransferListenerAdapter - Downloaded https://repo.maven.apache.org/maven2/org/apache/httpcomponents/httpcore/4.4.16/httpcore-4.4.16-sources.jar
2026-03-16 21:30:12,533 [Worker-126: Searching...] INFO  o.e.m.c.i.e.AbstractTransferListenerAdapter - Downloading https://repo.maven.apache.org/maven2/org/fusesource/jansi/jansi/2.4.2/jansi-2.4.2-sources.jar
2026-03-16 21:30:12,946 [Worker-126: Searching...] INFO  o.e.m.c.i.e.AbstractTransferListenerAdapter - Downloaded https://repo.maven.apache.org/maven2/org/fusesource/jansi/jansi/2.4.2/jansi-2.4.2-sources.jar
2026-03-16 21:30:13,166 [Worker-126: Searching...] INFO  o.e.m.c.i.e.AbstractTransferListenerAdapter - Downloading https://repo.maven.apache.org/maven2/javax/annotation/javax.annotation-api/1.3.2/javax.annotation-api-1.3.2-sources.jar
2026-03-16 21:30:14,097 [Worker-126: Searching...] INFO  o.e.m.c.i.e.AbstractTransferListenerAdapter - Downloaded https://repo.maven.apache.org/maven2/javax/annotation/javax.annotation-api/1.3.2/javax.annotation-api-1.3.2-sources.jar
2026-03-16 21:30:14,279 [Worker-126: Searching...] INFO  o.e.m.c.i.e.AbstractTransferListenerAdapter - Downloading https://repo.maven.apache.org/maven2/org/slf4j/jcl-over-slf4j/1.7.36/jcl-over-slf4j-1.7.36-sources.jar
2026-03-16 21:30:15,061 [Worker-126: Searching...] INFO  o.e.m.c.i.e.AbstractTransferListenerAdapter - Downloaded https://repo.maven.apache.org/maven2/org/slf4j/jcl-over-slf4j/1.7.36/jcl-over-slf4j-1.7.36-sources.jar
2026-03-16 21:30:15,250 [Worker-126: Searching...] INFO  o.e.m.c.i.e.AbstractTransferListenerAdapter - Downloading https://repo.maven.apache.org/maven2/org/apache/maven/maven-artifact/3.9.14/maven-artifact-3.9.14-sources.jar
2026-03-16 21:30:15,517 [Worker-126: Searching...] INFO  o.e.m.c.i.e.AbstractTransferListenerAdapter - Downloaded https://repo.maven.apache.org/maven2/org/apache/maven/maven-artifact/3.9.14/maven-artifact-3.9.14-sources.jar
2026-03-16 21:30:15,790 [Worker-126: Searching...] INFO  o.e.m.c.i.e.AbstractTransferListenerAdapter - Downloading https://repo.maven.apache.org/maven2/org/apache/maven/maven-builder-support/3.9.14/maven-builder-support-3.9.14-sources.jar
2026-03-16 21:30:16,562 [Worker-126: Searching...] INFO  o.e.m.c.i.e.AbstractTransferListenerAdapter - Downloaded https://repo.maven.apache.org/maven2/org/apache/maven/maven-builder-support/3.9.14/maven-builder-support-3.9.14-sources.jar
2026-03-16 21:30:16,727 [Worker-126: Searching...] INFO  o.e.m.c.i.e.AbstractTransferListenerAdapter - Downloading https://repo.maven.apache.org/maven2/org/apache/maven/maven-compat/3.9.14/maven-compat-3.9.14-sources.jar
2026-03-16 21:30:17,181 [Worker-126: Searching...] INFO  o.e.m.c.i.e.AbstractTransferListenerAdapter - Downloaded https://repo.maven.apache.org/maven2/org/apache/maven/maven-compat/3.9.14/maven-compat-3.9.14-sources.jar
2026-03-16 21:30:17,343 [Worker-126: Searching...] INFO  o.e.m.c.i.e.AbstractTransferListenerAdapter - Downloading https://repo.maven.apache.org/maven2/org/apache/maven/maven-core/3.9.14/maven-core-3.9.14-sources.jar
2026-03-16 21:30:17,714 [Worker-126: Searching...] INFO  o.e.m.c.i.e.AbstractTransferListenerAdapter - Downloaded https://repo.maven.apache.org/maven2/org/apache/maven/maven-core/3.9.14/maven-core-3.9.14-sources.jar
2026-03-16 21:30:17,970 [Worker-126: Searching...] INFO  o.e.m.c.i.e.AbstractTransferListenerAdapter - Downloading https://repo.maven.apache.org/maven2/org/apache/maven/maven-embedder/3.9.14/maven-embedder-3.9.14-sources.jar
2026-03-16 21:30:18,335 [Worker-126: Searching...] INFO  o.e.m.c.i.e.AbstractTransferListenerAdapter - Downloaded https://repo.maven.apache.org/maven2/org/apache/maven/maven-embedder/3.9.14/maven-embedder-3.9.14-sources.jar
2026-03-16 21:30:18,479 [Worker-126: Searching...] INFO  o.e.m.c.i.e.AbstractTransferListenerAdapter - Downloading https://repo.maven.apache.org/maven2/org/apache/maven/maven-model/3.9.14/maven-model-3.9.14-sources.jar
2026-03-16 21:30:18,676 [Worker-126: Searching...] INFO  o.e.m.c.i.e.AbstractTransferListenerAdapter - Downloaded https://repo.maven.apache.org/maven2/org/apache/maven/maven-model/3.9.14/maven-model-3.9.14-sources.jar
2026-03-16 21:30:18,820 [Worker-126: Searching...] INFO  o.e.m.c.i.e.AbstractTransferListenerAdapter - Downloading https://repo.maven.apache.org/maven2/org/apache/maven/maven-model-builder/3.9.14/maven-model-builder-3.9.14-sources.jar
2026-03-16 21:30:19,057 [Worker-126: Searching...] INFO  o.e.m.c.i.e.AbstractTransferListenerAdapter - Downloaded https://repo.maven.apache.org/maven2/org/apache/maven/maven-model-builder/3.9.14/maven-model-builder-3.9.14-sources.jar
2026-03-16 21:30:19,229 [Worker-126: Searching...] INFO  o.e.m.c.i.e.AbstractTransferListenerAdapter - Downloading https://repo.maven.apache.org/maven2/org/apache/maven/maven-plugin-api/3.9.14/maven-plugin-api-3.9.14-sources.jar
2026-03-16 21:30:20,611 [Worker-126: Searching...] INFO  o.e.m.c.i.e.AbstractTransferListenerAdapter - Downloaded https://repo.maven.apache.org/maven2/org/apache/maven/maven-plugin-api/3.9.14/maven-plugin-api-3.9.14-sources.jar
2026-03-16 21:30:20,838 [Worker-126: Searching...] INFO  o.e.m.c.i.e.AbstractTransferListenerAdapter - Downloading https://repo.maven.apache.org/maven2/org/apache/maven/maven-repository-metadata/3.9.14/maven-repository-metadata-3.9.14-sources.jar
2026-03-16 21:30:21,532 [Worker-126: Searching...] INFO  o.e.m.c.i.e.AbstractTransferListenerAdapter - Downloaded https://repo.maven.apache.org/maven2/org/apache/maven/maven-repository-metadata/3.9.14/maven-repository-metadata-3.9.14-sources.jar
2026-03-16 21:30:21,938 [Worker-126: Searching...] INFO  o.e.m.c.i.e.AbstractTransferListenerAdapter - Downloading https://repo.maven.apache.org/maven2/org/apache/maven/resolver/maven-resolver-api/1.9.27/maven-resolver-api-1.9.27-sources.jar
2026-03-16 21:30:22,270 [Worker-126: Searching...] INFO  o.e.m.c.i.e.AbstractTransferListenerAdapter - Downloaded https://repo.maven.apache.org/maven2/org/apache/maven/resolver/maven-resolver-api/1.9.27/maven-resolver-api-1.9.27-sources.jar
2026-03-16 21:30:22,540 [Worker-126: Searching...] INFO  o.e.m.c.i.e.AbstractTransferListenerAdapter - Downloading https://repo.maven.apache.org/maven2/org/apache/maven/resolver/maven-resolver-connector-basic/1.9.27/maven-resolver-connector-basic-1.9.27-sources.jar
2026-03-16 21:30:23,399 [Worker-126: Searching...] INFO  o.e.m.c.i.e.AbstractTransferListenerAdapter - Downloaded https://repo.maven.apache.org/maven2/org/apache/maven/resolver/maven-resolver-connector-basic/1.9.27/maven-resolver-connector-basic-1.9.27-sources.jar
2026-03-16 21:30:23,799 [Worker-126: Searching...] INFO  o.e.m.c.i.e.AbstractTransferListenerAdapter - Downloading https://repo.maven.apache.org/maven2/org/apache/maven/resolver/maven-resolver-impl/1.9.27/maven-resolver-impl-1.9.27-sources.jar
2026-03-16 21:30:24,307 [Worker-126: Searching...] INFO  o.e.m.c.i.e.AbstractTransferListenerAdapter - Downloaded https://repo.maven.apache.org/maven2/org/apache/maven/resolver/maven-resolver-impl/1.9.27/maven-resolver-impl-1.9.27-sources.jar
2026-03-16 21:30:24,966 [Worker-126: Searching...] INFO  o.e.m.c.i.e.AbstractTransferListenerAdapter - Downloading https://repo.maven.apache.org/maven2/org/apache/maven/resolver/maven-resolver-named-locks/1.9.27/maven-resolver-named-locks-1.9.27-sources.jar
2026-03-16 21:30:26,163 [Worker-126: Searching...] INFO  o.e.m.c.i.e.AbstractTransferListenerAdapter - Downloaded https://repo.maven.apache.org/maven2/org/apache/maven/resolver/maven-resolver-named-locks/1.9.27/maven-resolver-named-locks-1.9.27-sources.jar
2026-03-16 21:30:26,668 [Worker-126: Searching...] INFO  o.e.m.c.i.e.AbstractTransferListenerAdapter - Downloading https://repo.maven.apache.org/maven2/org/apache/maven/maven-resolver-provider/3.9.14/maven-resolver-provider-3.9.14-sources.jar
2026-03-16 21:30:26,963 [Worker-126: Searching...] INFO  o.e.m.c.i.e.AbstractTransferListenerAdapter - Downloaded https://repo.maven.apache.org/maven2/org/apache/maven/maven-resolver-provider/3.9.14/maven-resolver-provider-3.9.14-sources.jar
2026-03-16 21:30:27,452 [Worker-126: Searching...] INFO  o.e.m.c.i.e.AbstractTransferListenerAdapter - Downloading https://repo.maven.apache.org/maven2/org/apache/maven/resolver/maven-resolver-spi/1.9.27/maven-resolver-spi-1.9.27-sources.jar
2026-03-16 21:30:27,957 [Worker-126: Searching...] INFO  o.e.m.c.i.e.AbstractTransferListenerAdapter - Downloaded https://repo.maven.apache.org/maven2/org/apache/maven/resolver/maven-resolver-spi/1.9.27/maven-resolver-spi-1.9.27-sources.jar
2026-03-16 21:30:28,672 [Worker-126: Searching...] INFO  o.e.m.c.i.e.AbstractTransferListenerAdapter - Downloading https://repo.maven.apache.org/maven2/org/apache/maven/resolver/maven-resolver-transport-file/1.9.27/maven-resolver-transport-file-1.9.27-sources.jar
2026-03-16 21:30:29,490 [Worker-126: Searching...] INFO  o.e.m.c.i.e.AbstractTransferListenerAdapter - Downloaded https://repo.maven.apache.org/maven2/org/apache/maven/resolver/maven-resolver-transport-file/1.9.27/maven-resolver-transport-file-1.9.27-sources.jar
2026-03-16 21:30:29,950 [Worker-126: Searching...] INFO  o.e.m.c.i.e.AbstractTransferListenerAdapter - Downloading https://repo.maven.apache.org/maven2/org/apache/maven/resolver/maven-resolver-transport-http/1.9.27/maven-resolver-transport-http-1.9.27-sources.jar
2026-03-16 21:30:31,510 [Worker-126: Searching...] INFO  o.e.m.c.i.e.AbstractTransferListenerAdapter - Downloaded https://repo.maven.apache.org/maven2/org/apache/maven/resolver/maven-resolver-transport-http/1.9.27/maven-resolver-transport-http-1.9.27-sources.jar
2026-03-16 21:30:31,995 [Worker-126: Searching...] INFO  o.e.m.c.i.e.AbstractTransferListenerAdapter - Downloading https://repo.maven.apache.org/maven2/org/apache/maven/resolver/maven-resolver-transport-wagon/1.9.27/maven-resolver-transport-wagon-1.9.27-sources.jar
2026-03-16 21:30:32,975 [Worker-126: Searching...] INFO  o.e.m.c.i.e.AbstractTransferListenerAdapter - Downloaded https://repo.maven.apache.org/maven2/org/apache/maven/resolver/maven-resolver-transport-wagon/1.9.27/maven-resolver-transport-wagon-1.9.27-sources.jar
2026-03-16 21:30:33,362 [Worker-126: Searching...] INFO  o.e.m.c.i.e.AbstractTransferListenerAdapter - Downloading https://repo.maven.apache.org/maven2/org/apache/maven/resolver/maven-resolver-util/1.9.27/maven-resolver-util-1.9.27-sources.jar
2026-03-16 21:30:33,777 [Worker-126: Searching...] INFO  o.e.m.c.i.e.AbstractTransferListenerAdapter - Downloaded https://repo.maven.apache.org/maven2/org/apache/maven/resolver/maven-resolver-util/1.9.27/maven-resolver-util-1.9.27-sources.jar
2026-03-16 21:30:34,285 [Worker-126: Searching...] INFO  o.e.m.c.i.e.AbstractTransferListenerAdapter - Downloading https://repo.maven.apache.org/maven2/org/apache/maven/maven-settings/3.9.14/maven-settings-3.9.14-sources.jar
2026-03-16 21:30:35,926 [Worker-126: Searching...] INFO  o.e.m.c.i.e.AbstractTransferListenerAdapter - Downloaded https://repo.maven.apache.org/maven2/org/apache/maven/maven-settings/3.9.14/maven-settings-3.9.14-sources.jar
2026-03-16 21:30:36,676 [Worker-126: Searching...] INFO  o.e.m.c.i.e.AbstractTransferListenerAdapter - Downloading https://repo.maven.apache.org/maven2/org/apache/maven/maven-settings-builder/3.9.14/maven-settings-builder-3.9.14-sources.jar
2026-03-16 21:30:38,366 [Worker-126: Searching...] INFO  o.e.m.c.i.e.AbstractTransferListenerAdapter - Downloaded https://repo.maven.apache.org/maven2/org/apache/maven/maven-settings-builder/3.9.14/maven-settings-builder-3.9.14-sources.jar
2026-03-16 21:30:38,775 [Worker-126: Searching...] INFO  o.e.m.c.i.e.AbstractTransferListenerAdapter - Downloading https://repo.maven.apache.org/maven2/org/apache/maven/shared/maven-shared-utils/3.4.2/maven-shared-utils-3.4.2-sources.jar
2026-03-16 21:30:39,190 [Worker-126: Searching...] INFO  o.e.m.c.i.e.AbstractTransferListenerAdapter - Downloaded https://repo.maven.apache.org/maven2/org/apache/maven/shared/maven-shared-utils/3.4.2/maven-shared-utils-3.4.2-sources.jar
2026-03-16 21:30:39,649 [Worker-126: Searching...] INFO  o.e.m.c.i.e.AbstractTransferListenerAdapter - Downloading https://repo.maven.apache.org/maven2/org/apache/maven/maven-slf4j-provider/3.9.14/maven-slf4j-provider-3.9.14-sources.jar
2026-03-16 21:30:40,632 [Worker-126: Searching...] INFO  o.e.m.c.i.e.AbstractTransferListenerAdapter - Downloaded https://repo.maven.apache.org/maven2/org/apache/maven/maven-slf4j-provider/3.9.14/maven-slf4j-provider-3.9.14-sources.jar
2026-03-16 21:30:40,821 [Worker-126: Searching...] INFO  o.e.m.c.i.e.AbstractTransferListenerAdapter - Downloading https://repo.maven.apache.org/maven2/org/eclipse/sisu/org.eclipse.sisu.inject/1.0.0/org.eclipse.sisu.inject-1.0.0-sources.jar
2026-03-16 21:30:41,119 [Worker-126: Searching...] INFO  o.e.m.c.i.e.AbstractTransferListenerAdapter - Downloaded https://repo.maven.apache.org/maven2/org/eclipse/sisu/org.eclipse.sisu.inject/1.0.0/org.eclipse.sisu.inject-1.0.0-sources.jar
2026-03-16 21:30:41,311 [Worker-126: Searching...] INFO  o.e.m.c.i.e.AbstractTransferListenerAdapter - Downloading https://repo.maven.apache.org/maven2/org/eclipse/sisu/org.eclipse.sisu.plexus/1.0.0/org.eclipse.sisu.plexus-1.0.0-sources.jar
2026-03-16 21:30:41,670 [Worker-126: Searching...] INFO  o.e.m.c.i.e.AbstractTransferListenerAdapter - Downloaded https://repo.maven.apache.org/maven2/org/eclipse/sisu/org.eclipse.sisu.plexus/1.0.0/org.eclipse.sisu.plexus-1.0.0-sources.jar
2026-03-16 21:30:41,856 [Worker-126: Searching...] INFO  o.e.m.c.i.e.AbstractTransferListenerAdapter - Downloading https://repo.maven.apache.org/maven2/org/codehaus/plexus/plexus-cipher/2.0/plexus-cipher-2.0-sources.jar
2026-03-16 21:30:42,349 [Worker-126: Searching...] INFO  o.e.m.c.i.e.AbstractTransferListenerAdapter - Downloaded https://repo.maven.apache.org/maven2/org/codehaus/plexus/plexus-cipher/2.0/plexus-cipher-2.0-sources.jar
2026-03-16 21:30:42,676 [Worker-126: Searching...] INFO  o.e.m.c.i.e.AbstractTransferListenerAdapter - Downloading https://repo.maven.apache.org/maven2/org/codehaus/plexus/plexus-component-annotations/2.2.0/plexus-component-annotations-2.2.0-sources.jar
2026-03-16 21:30:43,151 [Worker-126: Searching...] INFO  o.e.m.c.i.e.AbstractTransferListenerAdapter - Downloaded https://repo.maven.apache.org/maven2/org/codehaus/plexus/plexus-component-annotations/2.2.0/plexus-component-annotations-2.2.0-sources.jar
2026-03-16 21:30:43,351 [Worker-126: Searching...] INFO  o.e.m.c.i.e.AbstractTransferListenerAdapter - Downloading https://repo.maven.apache.org/maven2/org/codehaus/plexus/plexus-interpolation/1.29/plexus-interpolation-1.29-sources.jar
2026-03-16 21:30:43,630 [Worker-126: Searching...] INFO  o.e.m.c.i.e.AbstractTransferListenerAdapter - Downloaded https://repo.maven.apache.org/maven2/org/codehaus/plexus/plexus-interpolation/1.29/plexus-interpolation-1.29-sources.jar
2026-03-16 21:30:43,854 [Worker-126: Searching...] INFO  o.e.m.c.i.e.AbstractTransferListenerAdapter - Downloading https://repo.maven.apache.org/maven2/org/codehaus/plexus/plexus-sec-dispatcher/2.0/plexus-sec-dispatcher-2.0-sources.jar
2026-03-16 21:30:44,627 [Worker-126: Searching...] INFO  o.e.m.c.i.e.AbstractTransferListenerAdapter - Downloaded https://repo.maven.apache.org/maven2/org/codehaus/plexus/plexus-sec-dispatcher/2.0/plexus-sec-dispatcher-2.0-sources.jar
2026-03-16 21:30:44,852 [Worker-126: Searching...] INFO  o.e.m.c.i.e.AbstractTransferListenerAdapter - Downloading https://repo.maven.apache.org/maven2/org/codehaus/plexus/plexus-utils/3.6.0/plexus-utils-3.6.0-sources.jar
2026-03-16 21:30:45,228 [Worker-126: Searching...] INFO  o.e.m.c.i.e.AbstractTransferListenerAdapter - Downloaded https://repo.maven.apache.org/maven2/org/codehaus/plexus/plexus-utils/3.6.0/plexus-utils-3.6.0-sources.jar
2026-03-16 21:30:45,447 [Worker-126: Searching...] INFO  o.e.m.c.i.e.AbstractTransferListenerAdapter - Downloading https://repo.maven.apache.org/maven2/org/apache/maven/wagon/wagon-file/3.5.3/wagon-file-3.5.3-sources.jar
2026-03-16 21:30:45,847 [Worker-126: Searching...] INFO  o.e.m.c.i.e.AbstractTransferListenerAdapter - Downloaded https://repo.maven.apache.org/maven2/org/apache/maven/wagon/wagon-file/3.5.3/wagon-file-3.5.3-sources.jar
2026-03-16 21:30:46,014 [Worker-126: Searching...] INFO  o.e.m.c.i.e.AbstractTransferListenerAdapter - Downloading https://repo.maven.apache.org/maven2/org/apache/maven/wagon/wagon-http/3.5.3/wagon-http-3.5.3-sources.jar
2026-03-16 21:30:46,494 [Worker-126: Searching...] INFO  o.e.m.c.i.e.AbstractTransferListenerAdapter - Downloaded https://repo.maven.apache.org/maven2/org/apache/maven/wagon/wagon-http/3.5.3/wagon-http-3.5.3-sources.jar
2026-03-16 21:30:46,642 [Worker-126: Searching...] INFO  o.e.m.c.i.e.AbstractTransferListenerAdapter - Downloading https://repo.maven.apache.org/maven2/org/apache/maven/wagon/wagon-http-shared/3.5.3/wagon-http-shared-3.5.3-sources.jar
2026-03-16 21:30:47,620 [Worker-126: Searching...] INFO  o.e.m.c.i.e.AbstractTransferListenerAdapter - Downloaded https://repo.maven.apache.org/maven2/org/apache/maven/wagon/wagon-http-shared/3.5.3/wagon-http-shared-3.5.3-sources.jar
2026-03-16 21:30:47,860 [Worker-126: Searching...] INFO  o.e.m.c.i.e.AbstractTransferListenerAdapter - Downloading https://repo.maven.apache.org/maven2/org/apache/maven/wagon/wagon-provider-api/3.5.3/wagon-provider-api-3.5.3-sources.jar
2026-03-16 21:30:48,082 [Worker-126: Searching...] INFO  o.e.m.c.i.e.AbstractTransferListenerAdapter - Downloaded https://repo.maven.apache.org/maven2/org/apache/maven/wagon/wagon-provider-api/3.5.3/wagon-provider-api-3.5.3-sources.jar
2026-03-16 21:31:33,531 [Worker-125: Building] INFO  o.e.m.c.i.l.LifecycleMappingFactory - Using org.eclipse.m2e.jdt.JarLifecycleMapping lifecycle mapping for MavenProject: com.testing:sedtproject:0.0.1-SNAPSHOT @ C:\Users\Aruna Vishvanathan\eclipse-workspace\sedtproject\pom.xml.
2026-03-16 21:31:35,742 [Worker-125: Building] INFO  o.a.m.s.f.DefaultMavenResourcesFiltering - skip non existing resourceDirectory C:\Users\Aruna Vishvanathan\eclipse-workspace\sedtproject\src\main\resources
2026-03-16 21:31:35,748 [Worker-125: Building] INFO  o.a.m.s.f.DefaultMavenResourcesFiltering - skip non existing resourceDirectory C:\Users\Aruna Vishvanathan\eclipse-workspace\sedtproject\src\test\resources
2026-03-16 21:31:53,440 [Worker-129: Launching sedtproject] INFO  o.e.m.i.launch.MavenLaunchDelegate - C:\Users\Aruna Vishvanathan\eclipse-workspace\sedtproject
2026-03-16 21:31:53,441 [Worker-129: Launching sedtproject] INFO  o.e.m.i.launch.MavenLaunchDelegate -  mvn -B clean install
2026-03-16 21:33:20,856 [Worker-127: Building] INFO  o.a.m.s.f.DefaultMavenResourcesFiltering - skip non existing resourceDirectory C:\Users\Aruna Vishvanathan\eclipse-workspace\sedtproject\src\main\resources
2026-03-16 21:33:20,859 [Worker-127: Building] INFO  o.a.m.s.f.DefaultMavenResourcesFiltering - skip non existing resourceDirectory C:\Users\Aruna Vishvanathan\eclipse-workspace\sedtproject\src\test\resources
2026-03-16 21:33:22,504 [Worker-119: Building] INFO  o.a.m.s.f.DefaultMavenResourcesFiltering - skip non existing resourceDirectory C:\Users\Aruna Vishvanathan\eclipse-workspace\sedtproject\src\main\resources
2026-03-16 21:33:22,512 [Worker-119: Building] INFO  o.a.m.s.f.DefaultMavenResourcesFiltering - skip non existing resourceDirectory C:\Users\Aruna Vishvanathan\eclipse-workspace\sedtproject\src\test\resources
2026-03-16 21:33:42,380 [Worker-120: Launching sedtproject] INFO  o.e.m.i.launch.MavenLaunchDelegate - C:\Users\Aruna Vishvanathan\eclipse-workspace\sedtproject
2026-03-16 21:33:42,381 [Worker-120: Launching sedtproject] INFO  o.e.m.i.launch.MavenLaunchDelegate -  mvn -B clean install
2026-03-16 21:41:45,047 [Worker-131: Creating maven-archetype-quickstart] INFO  o.e.m.c.i.p.ProjectConfigurationManager - Collecting project info '/pom.xml' C:\Users\Aruna Vishvanathan\eclipse-workspace\Test\pom.xml
2026-03-16 21:41:45,746 [Worker-131: Creating maven-archetype-quickstart] INFO  o.e.m.c.i.l.LifecycleMappingFactory - Using org.eclipse.m2e.jdt.JarLifecycleMapping lifecycle mapping for MavenProject: SDET1:Test:0.0.1-SNAPSHOT @ C:\Users\Aruna Vishvanathan\eclipse-workspace\Test\pom.xml.
2026-03-16 21:41:46,154 [Worker-131: Creating maven-archetype-quickstart] INFO  o.e.m.j.i.AbstractJavaProjectConfigurator - Adding source folder /Test/src/main/java
2026-03-16 21:41:46,210 [Worker-131: Creating maven-archetype-quickstart] INFO  o.e.m.j.i.AbstractJavaProjectConfigurator - Adding source folder /Test/src/test/java
2026-03-16 21:41:46,568 [Worker-131: Creating maven-archetype-quickstart] INFO  o.e.m.c.i.p.ProjectConfigurationManager - Imported and configured 1 project(s) in 1 sec
2026-03-16 21:41:47,823 [Worker-119: Building] INFO  o.e.m.c.i.embedder.EclipseLogger - Using 'UTF-8' encoding to copy filtered resources.
2026-03-16 21:41:47,825 [Worker-119: Building] INFO  o.e.m.c.i.embedder.EclipseLogger - skip non existing resourceDirectory C:\Users\Aruna Vishvanathan\eclipse-workspace\Test\src\main\resources
2026-03-16 21:41:47,833 [Worker-119: Building] INFO  o.e.m.c.i.embedder.EclipseLogger - Using 'UTF-8' encoding to copy filtered resources.
2026-03-16 21:41:47,833 [Worker-119: Building] INFO  o.e.m.c.i.embedder.EclipseLogger - skip non existing resourceDirectory C:\Users\Aruna Vishvanathan\eclipse-workspace\Test\src\test\resources
2026-03-16 21:43:06,227 [Worker-119: Building] INFO  o.e.m.c.i.embedder.EclipseLogger - Using 'UTF-8' encoding to copy filtered resources.
2026-03-16 21:43:06,229 [Worker-119: Building] INFO  o.e.m.c.i.embedder.EclipseLogger - skip non existing resourceDirectory C:\Users\Aruna Vishvanathan\eclipse-workspace\Test\src\main\resources
2026-03-16 21:43:06,237 [Worker-119: Building] INFO  o.e.m.c.i.embedder.EclipseLogger - Using 'UTF-8' encoding to copy filtered resources.
2026-03-16 21:43:06,237 [Worker-119: Building] INFO  o.e.m.c.i.embedder.EclipseLogger - skip non existing resourceDirectory C:\Users\Aruna Vishvanathan\eclipse-workspace\Test\src\test\resources
2026-03-16 21:44:10,165 [Worker-119: Building] INFO  o.a.m.s.f.DefaultMavenResourcesFiltering - skip non existing resourceDirectory C:\Users\Aruna Vishvanathan\eclipse-workspace\sedtproject\src\main\resources
2026-03-16 21:44:10,169 [Worker-119: Building] INFO  o.a.m.s.f.DefaultMavenResourcesFiltering - skip non existing resourceDirectory C:\Users\Aruna Vishvanathan\eclipse-workspace\sedtproject\src\test\resources
2026-03-16 21:45:50,931 [Worker-132: Launching FifthQuestion] INFO  o.a.m.s.f.DefaultMavenResourcesFiltering - skip non existing resourceDirectory C:\Users\Aruna Vishvanathan\eclipse-workspace\sedtproject\src\main\resources
2026-03-16 21:45:50,936 [Worker-132: Launching FifthQuestion] INFO  o.a.m.s.f.DefaultMavenResourcesFiltering - skip non existing resourceDirectory C:\Users\Aruna Vishvanathan\eclipse-workspace\sedtproject\src\test\resources
2026-03-16 21:54:06,732 [Worker-136: Building] INFO  o.a.m.s.f.DefaultMavenResourcesFiltering - skip non existing resourceDirectory C:\Users\Aruna Vishvanathan\eclipse-workspace\sedtproject\src\main\resources
2026-03-16 21:54:06,737 [Worker-136: Building] INFO  o.a.m.s.f.DefaultMavenResourcesFiltering - skip non existing resourceDirectory C:\Users\Aruna Vishvanathan\eclipse-workspace\sedtproject\src\test\resources
2026-03-16 21:58:38,426 [Worker-0: Loading available Gradle versions] INFO  o.e.b.c.i.u.g.PublishedGradleVersions - Gradle version information cache is up-to-date. Trying to read.
2026-03-16 21:58:42,775 [Worker-5: Building] INFO  o.e.m.c.i.embedder.EclipseLogger - Using 'UTF-8' encoding to copy filtered resources.
2026-03-16 21:58:42,775 [Worker-5: Building] INFO  o.e.m.c.i.embedder.EclipseLogger - skip non existing resourceDirectory C:\Users\Aruna Vishvanathan\eclipse-workspace\MavenProject\src\main\resources
2026-03-16 21:58:42,779 [Worker-5: Building] INFO  o.e.m.c.i.embedder.EclipseLogger - Using 'UTF-8' encoding to copy filtered resources.
2026-03-16 21:58:42,780 [Worker-5: Building] INFO  o.e.m.c.i.embedder.EclipseLogger - skip non existing resourceDirectory C:\Users\Aruna Vishvanathan\eclipse-workspace\MavenProject\src\test\resources
2026-03-16 21:58:44,374 [Worker-5: Building] INFO  o.e.m.c.i.embedder.EclipseLogger - Using 'UTF-8' encoding to copy filtered resources.
2026-03-16 21:58:44,375 [Worker-5: Building] INFO  o.e.m.c.i.embedder.EclipseLogger - skip non existing resourceDirectory C:\Users\Aruna Vishvanathan\eclipse-workspace\Test\src\main\resources
2026-03-16 21:58:44,379 [Worker-5: Building] INFO  o.e.m.c.i.embedder.EclipseLogger - Using 'UTF-8' encoding to copy filtered resources.
2026-03-16 21:58:44,380 [Worker-5: Building] INFO  o.e.m.c.i.embedder.EclipseLogger - skip non existing resourceDirectory C:\Users\Aruna Vishvanathan\eclipse-workspace\Test\src\test\resources
2026-03-16 21:58:46,067 [Worker-5: Building] INFO  o.a.m.s.f.DefaultMavenResourcesFiltering - skip non existing resourceDirectory C:\Users\Aruna Vishvanathan\eclipse-workspace\sedtproject\src\main\resources
2026-03-16 21:58:46,073 [Worker-5: Building] INFO  o.a.m.s.f.DefaultMavenResourcesFiltering - skip non existing resourceDirectory C:\Users\Aruna Vishvanathan\eclipse-workspace\sedtproject\src\test\resources
2026-03-16 21:59:23,337 [Worker-15: Building] INFO  o.a.m.s.f.DefaultMavenResourcesFiltering - skip non existing resourceDirectory C:\Users\Aruna Vishvanathan\eclipse-workspace\sedtproject\src\main\resources
2026-03-16 21:59:23,340 [Worker-15: Building] INFO  o.a.m.s.f.DefaultMavenResourcesFiltering - skip non existing resourceDirectory C:\Users\Aruna Vishvanathan\eclipse-workspace\sedtproject\src\test\resources
2026-03-16 22:02:31,098 [Worker-21: Launching FifthQuestion] INFO  o.a.m.s.f.DefaultMavenResourcesFiltering - skip non existing resourceDirectory C:\Users\Aruna Vishvanathan\eclipse-workspace\sedtproject\src\main\resources
2026-03-16 22:02:31,100 [Worker-21: Launching FifthQuestion] INFO  o.a.m.s.f.DefaultMavenResourcesFiltering - skip non existing resourceDirectory C:\Users\Aruna Vishvanathan\eclipse-workspace\sedtproject\src\test\resources
2026-03-16 22:02:49,422 [Worker-3: Building] INFO  o.a.m.s.f.DefaultMavenResourcesFiltering - skip non existing resourceDirectory C:\Users\Aruna Vishvanathan\eclipse-workspace\sedtproject\src\main\resources
2026-03-16 22:02:49,424 [Worker-3: Building] INFO  o.a.m.s.f.DefaultMavenResourcesFiltering - skip non existing resourceDirectory C:\Users\Aruna Vishvanathan\eclipse-workspace\sedtproject\src\test\resources
2026-03-16 22:06:30,178 [Worker-22: Updating Maven Project] INFO  o.e.m.c.i.p.ProjectConfigurationManager - Update started
2026-03-16 22:06:30,557 [Worker-22: Updating Maven Project] INFO  o.e.m.c.i.l.LifecycleMappingFactory - Using org.eclipse.m2e.jdt.JarLifecycleMapping lifecycle mapping for MavenProject: com.testing:sedtproject:0.0.1-SNAPSHOT @ C:\Users\Aruna Vishvanathan\eclipse-workspace\sedtproject\pom.xml.
2026-03-16 22:06:31,234 [Worker-22: Updating Maven Project] INFO  o.e.m.j.i.AbstractJavaProjectConfigurator - Adding source folder /sedtproject/src/main/java
2026-03-16 22:06:31,235 [Worker-22: Updating Maven Project] INFO  o.e.m.j.i.AbstractJavaProjectConfigurator - Adding source folder /sedtproject/src/test/java
2026-03-16 22:06:31,822 [Worker-22: Updating Maven Project] INFO  o.e.m.c.i.p.ProjectConfigurationManager - Update completed: 1 sec
2026-03-16 22:06:32,115 [Worker-3: Building] INFO  o.a.m.s.f.DefaultMavenResourcesFiltering - skip non existing resourceDirectory C:\Users\Aruna Vishvanathan\eclipse-workspace\sedtproject\src\main\resources
2026-03-16 22:06:32,117 [Worker-3: Building] INFO  o.a.m.s.f.DefaultMavenResourcesFiltering - skip non existing resourceDirectory C:\Users\Aruna Vishvanathan\eclipse-workspace\sedtproject\src\test\resources
2026-03-16 22:07:55,282 [Worker-31: Launching FifthQuestion] INFO  o.e.m.c.i.l.LifecycleMappingFactory - Using org.eclipse.m2e.jdt.JarLifecycleMapping lifecycle mapping for MavenProject: com.testing:sedtproject:0.0.1-SNAPSHOT @ C:\Users\Aruna Vishvanathan\eclipse-workspace\sedtproject\pom.xml.
2026-03-16 22:07:57,343 [Worker-31: Launching FifthQuestion] INFO  o.e.m.c.i.e.AbstractTransferListenerAdapter - Downloaded https://repo.maven.apache.org/maven2/org/testng/testng/7.8.0/testng-7.8.0.pom
2026-03-16 22:07:57,691 [Worker-31: Launching FifthQuestion] INFO  o.e.m.c.i.e.AbstractTransferListenerAdapter - Downloaded https://repo.maven.apache.org/maven2/org/webjars/jquery/3.6.1/jquery-3.6.1.pom
2026-03-16 22:07:57,817 [AetherRepositoryConnector-repo.maven.apache.org-0-0] INFO  o.e.m.c.i.e.AbstractTransferListenerAdapter - Downloading https://repo.maven.apache.org/maven2/org/testng/testng/7.8.0/testng-7.8.0.jar
2026-03-16 22:07:58,016 [AetherRepositoryConnector-repo.maven.apache.org-0-1] INFO  o.e.m.c.i.e.AbstractTransferListenerAdapter - Downloading https://repo.maven.apache.org/maven2/org/webjars/jquery/3.6.1/jquery-3.6.1.jar
2026-03-16 22:07:59,652 [AetherRepositoryConnector-repo.maven.apache.org-0-1] INFO  o.e.m.c.i.e.AbstractTransferListenerAdapter - Downloaded https://repo.maven.apache.org/maven2/org/webjars/jquery/3.6.1/jquery-3.6.1.jar
2026-03-16 22:07:59,962 [AetherRepositoryConnector-repo.maven.apache.org-0-0] INFO  o.e.m.c.i.e.AbstractTransferListenerAdapter - Downloaded https://repo.maven.apache.org/maven2/org/testng/testng/7.8.0/testng-7.8.0.jar
2026-03-16 22:08:00,504 [Worker-31: Launching FifthQuestion] INFO  o.a.m.s.f.DefaultMavenResourcesFiltering - skip non existing resourceDirectory C:\Users\Aruna Vishvanathan\eclipse-workspace\sedtproject\src\main\resources
2026-03-16 22:08:00,507 [Worker-31: Launching FifthQuestion] INFO  o.a.m.s.f.DefaultMavenResourcesFiltering - skip non existing resourceDirectory C:\Users\Aruna Vishvanathan\eclipse-workspace\sedtproject\src\test\resources
2026-03-16 22:08:01,349 [Worker-24: Building] INFO  o.a.m.s.f.DefaultMavenResourcesFiltering - skip non existing resourceDirectory C:\Users\Aruna Vishvanathan\eclipse-workspace\sedtproject\src\main\resources
2026-03-16 22:08:01,351 [Worker-24: Building] INFO  o.a.m.s.f.DefaultMavenResourcesFiltering - skip non existing resourceDirectory C:\Users\Aruna Vishvanathan\eclipse-workspace\sedtproject\src\test\resources
2026-03-16 22:08:02,158 [Worker-24: Download sources and javadoc] INFO  o.e.m.c.i.e.AbstractTransferListenerAdapter - Downloading https://repo.maven.apache.org/maven2/org/testng/testng/7.8.0/testng-7.8.0-sources.jar
2026-03-16 22:08:03,627 [Worker-24: Download sources and javadoc] INFO  o.e.m.c.i.e.AbstractTransferListenerAdapter - Downloaded https://repo.maven.apache.org/maven2/org/testng/testng/7.8.0/testng-7.8.0-sources.jar
2026-03-16 22:08:03,698 [Worker-24: Download sources and javadoc] INFO  o.e.m.j.internal.DownloadSourcesJob - Downloaded sources for org.testng:testng:7.8.0
2026-03-16 22:08:04,450 [Worker-24: Download sources and javadoc] INFO  o.e.m.c.i.e.AbstractTransferListenerAdapter - Downloading https://repo.maven.apache.org/maven2/org/webjars/jquery/3.6.1/jquery-3.6.1-sources.jar
2026-03-16 22:08:04,786 [Worker-24: Download sources and javadoc] INFO  o.e.m.c.i.e.AbstractTransferListenerAdapter - Downloaded https://repo.maven.apache.org/maven2/org/webjars/jquery/3.6.1/jquery-3.6.1-sources.jar
2026-03-16 22:08:04,879 [Worker-24: Download sources and javadoc] INFO  o.e.m.j.internal.DownloadSourcesJob - Downloaded sources for org.webjars:jquery:3.6.1
2026-03-16 22:08:04,884 [Worker-24: Download sources and javadoc] INFO  o.e.m.j.internal.DownloadSourcesJob - Downloaded sources for org.testng:testng:7.8.0
2026-03-16 22:08:04,892 [Worker-24: Download sources and javadoc] INFO  o.e.m.j.internal.DownloadSourcesJob - Downloaded sources for org.webjars:jquery:3.6.1
2026-03-16 22:08:04,896 [Worker-24: Download sources and javadoc] INFO  o.e.m.j.internal.DownloadSourcesJob - Downloaded sources for org.testng:testng:7.8.0
2026-03-16 22:08:04,904 [Worker-24: Download sources and javadoc] INFO  o.e.m.j.internal.DownloadSourcesJob - Downloaded sources for org.webjars:jquery:3.6.1
2026-03-16 22:08:04,908 [Worker-24: Download sources and javadoc] INFO  o.e.m.j.internal.DownloadSourcesJob - Downloaded sources for org.testng:testng:7.8.0
2026-03-16 22:08:04,933 [Worker-24: Download sources and javadoc] INFO  o.e.m.j.internal.DownloadSourcesJob - Downloaded sources for org.webjars:jquery:3.6.1
2026-03-16 22:08:05,222 [Worker-34: Building] INFO  o.a.m.s.f.DefaultMavenResourcesFiltering - skip non existing resourceDirectory C:\Users\Aruna Vishvanathan\eclipse-workspace\sedtproject\src\main\resources
2026-03-16 22:08:05,223 [Worker-34: Building] INFO  o.a.m.s.f.DefaultMavenResourcesFiltering - skip non existing resourceDirectory C:\Users\Aruna Vishvanathan\eclipse-workspace\sedtproject\src\test\resources
2026-03-16 22:09:49,859 [Worker-36: Updating Maven Project] INFO  o.e.m.c.i.p.ProjectConfigurationManager - Update started
2026-03-16 22:09:50,046 [Worker-36: Updating Maven Project] INFO  o.e.m.c.i.l.LifecycleMappingFactory - Using org.eclipse.m2e.jdt.JarLifecycleMapping lifecycle mapping for MavenProject: com.testing:sedtproject:0.0.1-SNAPSHOT @ C:\Users\Aruna Vishvanathan\eclipse-workspace\sedtproject\pom.xml.
2026-03-16 22:09:50,348 [Worker-36: Updating Maven Project] INFO  o.e.m.j.i.AbstractJavaProjectConfigurator - Adding source folder /sedtproject/src/main/java
2026-03-16 22:09:50,349 [Worker-36: Updating Maven Project] INFO  o.e.m.j.i.AbstractJavaProjectConfigurator - Adding source folder /sedtproject/src/test/java
2026-03-16 22:09:50,553 [Worker-36: Updating Maven Project] INFO  o.e.m.c.i.p.ProjectConfigurationManager - Update completed: 0 sec
2026-03-16 22:09:50,806 [Worker-27: Building] INFO  o.a.m.s.f.DefaultMavenResourcesFiltering - skip non existing resourceDirectory C:\Users\Aruna Vishvanathan\eclipse-workspace\sedtproject\src\main\resources
2026-03-16 22:09:50,808 [Worker-27: Building] INFO  o.a.m.s.f.DefaultMavenResourcesFiltering - skip non existing resourceDirectory C:\Users\Aruna Vishvanathan\eclipse-workspace\sedtproject\src\test\resources
2026-03-16 22:10:02,497 [Worker-25: Building] INFO  o.a.m.s.f.DefaultMavenResourcesFiltering - skip non existing resourceDirectory C:\Users\Aruna Vishvanathan\eclipse-workspace\sedtproject\src\main\resources
2026-03-16 22:10:02,498 [Worker-25: Building] INFO  o.a.m.s.f.DefaultMavenResourcesFiltering - skip non existing resourceDirectory C:\Users\Aruna Vishvanathan\eclipse-workspace\sedtproject\src\test\resources
2026-03-16 22:10:16,783 [Worker-3: Launching FifthQuestion] INFO  o.e.m.c.i.l.LifecycleMappingFactory - Using org.eclipse.m2e.jdt.JarLifecycleMapping lifecycle mapping for MavenProject: com.testing:sedtproject:0.0.1-SNAPSHOT @ C:\Users\Aruna Vishvanathan\eclipse-workspace\sedtproject\pom.xml.
2026-03-16 22:10:17,299 [Worker-3: Launching FifthQuestion] INFO  o.e.m.c.i.e.AbstractTransferListenerAdapter - Downloaded https://repo.maven.apache.org/maven2/org/testng/testng/7.5.0/testng-7.5.0.pom
2026-03-16 22:10:17,306 [Worker-3: Launching FifthQuestion] WARN  o.e.m.c.i.embedder.EclipseLogger - The POM for org.testng:testng:jar:7.5.0 is missing, no dependency information available
2026-03-16 22:10:17,509 [Worker-3: Launching FifthQuestion] INFO  o.e.m.c.i.e.AbstractTransferListenerAdapter - Downloaded https://repo.maven.apache.org/maven2/org/testng/testng/7.5.0/testng-7.5.0.jar
2026-03-16 22:10:17,735 [Worker-3: Launching FifthQuestion] INFO  o.a.m.s.f.DefaultMavenResourcesFiltering - skip non existing resourceDirectory C:\Users\Aruna Vishvanathan\eclipse-workspace\sedtproject\src\main\resources
2026-03-16 22:10:17,736 [Worker-3: Launching FifthQuestion] INFO  o.a.m.s.f.DefaultMavenResourcesFiltering - skip non existing resourceDirectory C:\Users\Aruna Vishvanathan\eclipse-workspace\sedtproject\src\test\resources
2026-03-16 22:10:18,549 [Worker-3: Launching FifthQuestion] WARN  o.e.m.c.i.embedder.EclipseLogger - The POM for org.testng:testng:jar:7.5.0 is missing, no dependency information available
2026-03-16 22:10:18,887 [Worker-31: Download sources and javadoc] INFO  o.e.m.c.i.e.AbstractTransferListenerAdapter - Downloaded https://repo.maven.apache.org/maven2/org/testng/testng/7.5.0/testng-7.5.0-sources.jar
2026-03-16 22:10:18,892 [Worker-31: Download sources and javadoc] ERROR o.e.m.j.internal.DownloadSourcesJob - Could not download sources for org.testng:testng:7.5.0
org.eclipse.core.runtime.CoreException: Could not resolve artifact org.testng:testng:jar:sources:7.5.0
	at org.eclipse.m2e.core.internal.embedder.MavenImpl.lambda$4(MavenImpl.java:804)
	at org.eclipse.m2e.core.internal.embedder.MavenExecutionContext.executeBare(MavenExecutionContext.java:179)
	at org.eclipse.m2e.core.internal.embedder.MavenExecutionContext.execute(MavenExecutionContext.java:114)
	at org.eclipse.m2e.core.internal.embedder.MavenExecutionContext.execute(MavenExecutionContext.java:101)
	at org.eclipse.m2e.core.internal.embedder.MavenImpl.resolve(MavenImpl.java:772)
	at org.eclipse.m2e.core.internal.embedder.MavenImpl.resolve(MavenImpl.java:749)
	at org.eclipse.m2e.jdt.internal.DownloadSourcesJob.download(DownloadSourcesJob.java:330)
	at org.eclipse.m2e.jdt.internal.DownloadSourcesJob.downloadAttachments(DownloadSourcesJob.java:304)
	at org.eclipse.m2e.jdt.internal.DownloadSourcesJob.downloadMaven(DownloadSourcesJob.java:269)
	at org.eclipse.m2e.jdt.internal.DownloadSourcesJob.downloadFilesAndPopulateToUpdate(DownloadSourcesJob.java:233)
	at org.eclipse.m2e.jdt.internal.DownloadSourcesJob.lambda$0(DownloadSourcesJob.java:161)
	at org.eclipse.m2e.core.internal.embedder.MavenExecutionContext.executeBare(MavenExecutionContext.java:179)
	at org.eclipse.m2e.core.internal.embedder.MavenExecutionContext.execute(MavenExecutionContext.java:153)
	at org.eclipse.m2e.core.internal.embedder.MavenExecutionContext.execute(MavenExecutionContext.java:101)
	at org.eclipse.m2e.core.internal.embedder.MavenImpl.execute(MavenImpl.java:1374)
	at org.eclipse.m2e.jdt.internal.DownloadSourcesJob.run(DownloadSourcesJob.java:161)
	at org.eclipse.core.internal.jobs.Worker.run(Worker.java:63)
2026-03-16 22:10:19,306 [Worker-31: Download sources and javadoc] INFO  o.e.m.c.i.e.AbstractTransferListenerAdapter - Downloaded https://repo.maven.apache.org/maven2/org/testng/testng/7.5.0/testng-7.5.0-javadoc.jar
2026-03-16 22:10:19,309 [Worker-31: Download sources and javadoc] ERROR o.e.m.j.internal.DownloadSourcesJob - Could not download javadoc for org.testng:testng:7.5.0
org.eclipse.core.runtime.CoreException: Could not resolve artifact org.testng:testng:jar:javadoc:7.5.0
	at org.eclipse.m2e.core.internal.embedder.MavenImpl.lambda$4(MavenImpl.java:804)
	at org.eclipse.m2e.core.internal.embedder.MavenExecutionContext.executeBare(MavenExecutionContext.java:179)
	at org.eclipse.m2e.core.internal.embedder.MavenExecutionContext.execute(MavenExecutionContext.java:114)
	at org.eclipse.m2e.core.internal.embedder.MavenExecutionContext.execute(MavenExecutionContext.java:101)
	at org.eclipse.m2e.core.internal.embedder.MavenImpl.resolve(MavenImpl.java:772)
	at org.eclipse.m2e.core.internal.embedder.MavenImpl.resolve(MavenImpl.java:749)
	at org.eclipse.m2e.jdt.internal.DownloadSourcesJob.download(DownloadSourcesJob.java:330)
	at org.eclipse.m2e.jdt.internal.DownloadSourcesJob.downloadAttachments(DownloadSourcesJob.java:316)
	at org.eclipse.m2e.jdt.internal.DownloadSourcesJob.downloadMaven(DownloadSourcesJob.java:269)
	at org.eclipse.m2e.jdt.internal.DownloadSourcesJob.downloadFilesAndPopulateToUpdate(DownloadSourcesJob.java:233)
	at org.eclipse.m2e.jdt.internal.DownloadSourcesJob.lambda$0(DownloadSourcesJob.java:161)
	at org.eclipse.m2e.core.internal.embedder.MavenExecutionContext.executeBare(MavenExecutionContext.java:179)
	at org.eclipse.m2e.core.internal.embedder.MavenExecutionContext.execute(MavenExecutionContext.java:153)
	at org.eclipse.m2e.core.internal.embedder.MavenExecutionContext.execute(MavenExecutionContext.java:101)
	at org.eclipse.m2e.core.internal.embedder.MavenImpl.execute(MavenImpl.java:1374)
	at org.eclipse.m2e.jdt.internal.DownloadSourcesJob.run(DownloadSourcesJob.java:161)
	at org.eclipse.core.internal.jobs.Worker.run(Worker.java:63)
2026-03-16 22:10:59,767 [Worker-28: Updating Maven Project] INFO  o.e.m.c.i.p.ProjectConfigurationManager - Update started
2026-03-16 22:10:59,937 [Worker-28: Updating Maven Project] INFO  o.e.m.c.i.l.LifecycleMappingFactory - Using org.eclipse.m2e.jdt.JarLifecycleMapping lifecycle mapping for MavenProject: com.testing:sedtproject:0.0.1-SNAPSHOT @ C:\Users\Aruna Vishvanathan\eclipse-workspace\sedtproject\pom.xml.
2026-03-16 22:11:00,084 [Worker-28: Updating Maven Project] INFO  o.e.m.c.i.e.AbstractTransferListenerAdapter - Downloaded https://repo.maven.apache.org/maven2/org/testng/testng/7.5.0/testng-7.5.0.pom
2026-03-16 22:11:00,088 [Worker-28: Updating Maven Project] WARN  o.e.m.c.i.embedder.EclipseLogger - The POM for org.testng:testng:jar:7.5.0 is missing, no dependency information available
2026-03-16 22:11:00,155 [Worker-28: Updating Maven Project] INFO  o.e.m.c.i.e.AbstractTransferListenerAdapter - Downloaded https://repo.maven.apache.org/maven2/org/testng/testng/7.5.0/testng-7.5.0.jar
2026-03-16 22:11:00,364 [Worker-28: Updating Maven Project] INFO  o.e.m.j.i.AbstractJavaProjectConfigurator - Adding source folder /sedtproject/src/main/java
2026-03-16 22:11:00,365 [Worker-28: Updating Maven Project] INFO  o.e.m.j.i.AbstractJavaProjectConfigurator - Adding source folder /sedtproject/src/test/java
2026-03-16 22:11:00,558 [Worker-28: Updating Maven Project] INFO  o.e.m.c.i.p.ProjectConfigurationManager - Update completed: 0 sec
2026-03-16 22:11:00,726 [Worker-22: Building] WARN  o.e.m.c.i.embedder.EclipseLogger - The POM for org.testng:testng:jar:7.5.0 is missing, no dependency information available
2026-03-16 22:11:00,758 [Worker-22: Building] INFO  o.a.m.s.f.DefaultMavenResourcesFiltering - skip non existing resourceDirectory C:\Users\Aruna Vishvanathan\eclipse-workspace\sedtproject\src\main\resources
2026-03-16 22:11:00,760 [Worker-22: Building] INFO  o.a.m.s.f.DefaultMavenResourcesFiltering - skip non existing resourceDirectory C:\Users\Aruna Vishvanathan\eclipse-workspace\sedtproject\src\test\resources
2026-03-16 22:11:28,849 [Worker-37: Updating Maven Project] INFO  o.e.m.c.i.p.ProjectConfigurationManager - Update started
2026-03-16 22:11:29,029 [Worker-37: Updating Maven Project] INFO  o.e.m.c.i.l.LifecycleMappingFactory - Using org.eclipse.m2e.jdt.JarLifecycleMapping lifecycle mapping for MavenProject: com.testing:sedtproject:0.0.1-SNAPSHOT @ C:\Users\Aruna Vishvanathan\eclipse-workspace\sedtproject\pom.xml.
2026-03-16 22:11:29,272 [Worker-37: Updating Maven Project] INFO  o.e.m.c.i.e.AbstractTransferListenerAdapter - Downloaded https://repo.maven.apache.org/maven2/org/testng/testng/7.5.0/testng-7.5.0.pom
2026-03-16 22:11:29,274 [Worker-37: Updating Maven Project] WARN  o.e.m.c.i.embedder.EclipseLogger - The POM for org.testng:testng:jar:7.5.0 is missing, no dependency information available
2026-03-16 22:11:29,403 [Worker-37: Updating Maven Project] INFO  o.e.m.c.i.e.AbstractTransferListenerAdapter - Downloaded https://repo.maven.apache.org/maven2/org/testng/testng/7.5.0/testng-7.5.0.jar
2026-03-16 22:11:29,630 [Worker-37: Updating Maven Project] INFO  o.e.m.j.i.AbstractJavaProjectConfigurator - Adding source folder /sedtproject/src/main/java
2026-03-16 22:11:29,631 [Worker-37: Updating Maven Project] INFO  o.e.m.j.i.AbstractJavaProjectConfigurator - Adding source folder /sedtproject/src/test/java
2026-03-16 22:11:29,849 [Worker-37: Updating Maven Project] INFO  o.e.m.c.i.p.ProjectConfigurationManager - Update completed: 1 sec
2026-03-16 22:11:30,061 [Worker-25: Building] WARN  o.e.m.c.i.embedder.EclipseLogger - The POM for org.testng:testng:jar:7.5.0 is missing, no dependency information available
2026-03-16 22:11:30,105 [Worker-25: Building] INFO  o.a.m.s.f.DefaultMavenResourcesFiltering - skip non existing resourceDirectory C:\Users\Aruna Vishvanathan\eclipse-workspace\sedtproject\src\main\resources
2026-03-16 22:11:30,107 [Worker-25: Building] INFO  o.a.m.s.f.DefaultMavenResourcesFiltering - skip non existing resourceDirectory C:\Users\Aruna Vishvanathan\eclipse-workspace\sedtproject\src\test\resources
2026-03-16 22:11:40,100 [Worker-30: Launching FifthQuestion] INFO  o.e.m.c.i.l.LifecycleMappingFactory - Using org.eclipse.m2e.jdt.JarLifecycleMapping lifecycle mapping for MavenProject: com.testing:sedtproject:0.0.1-SNAPSHOT @ C:\Users\Aruna Vishvanathan\eclipse-workspace\sedtproject\pom.xml.
2026-03-16 22:11:40,385 [Worker-30: Launching FifthQuestion] INFO  o.e.m.c.i.e.AbstractTransferListenerAdapter - Downloaded https://repo.maven.apache.org/maven2/org/testng/testng/7.6.0/testng-7.6.0.pom
2026-03-16 22:11:40,597 [Worker-30: Launching FifthQuestion] INFO  o.e.m.c.i.e.AbstractTransferListenerAdapter - Downloaded https://repo.maven.apache.org/maven2/org/webjars/jquery/3.6.0/jquery-3.6.0.pom
2026-03-16 22:11:40,666 [AetherRepositoryConnector-repo.maven.apache.org-1-0] INFO  o.e.m.c.i.e.AbstractTransferListenerAdapter - Downloading https://repo.maven.apache.org/maven2/org/testng/testng/7.6.0/testng-7.6.0.jar
2026-03-16 22:11:40,725 [AetherRepositoryConnector-repo.maven.apache.org-1-1] INFO  o.e.m.c.i.e.AbstractTransferListenerAdapter - Downloading https://repo.maven.apache.org/maven2/com/google/code/findbugs/jsr305/3.0.2/jsr305-3.0.2.jar
2026-03-16 22:11:40,725 [AetherRepositoryConnector-repo.maven.apache.org-1-2] INFO  o.e.m.c.i.e.AbstractTransferListenerAdapter - Downloading https://repo.maven.apache.org/maven2/org/webjars/jquery/3.6.0/jquery-3.6.0.jar
2026-03-16 22:11:41,256 [AetherRepositoryConnector-repo.maven.apache.org-1-1] INFO  o.e.m.c.i.e.AbstractTransferListenerAdapter - Downloaded https://repo.maven.apache.org/maven2/com/google/code/findbugs/jsr305/3.0.2/jsr305-3.0.2.jar
2026-03-16 22:11:41,258 [AetherRepositoryConnector-repo.maven.apache.org-1-2] INFO  o.e.m.c.i.e.AbstractTransferListenerAdapter - Downloaded https://repo.maven.apache.org/maven2/org/webjars/jquery/3.6.0/jquery-3.6.0.jar
2026-03-16 22:11:41,329 [AetherRepositoryConnector-repo.maven.apache.org-1-0] INFO  o.e.m.c.i.e.AbstractTransferListenerAdapter - Downloaded https://repo.maven.apache.org/maven2/org/testng/testng/7.6.0/testng-7.6.0.jar
2026-03-16 22:11:42,096 [Worker-30: Launching FifthQuestion] INFO  o.a.m.s.f.DefaultMavenResourcesFiltering - skip non existing resourceDirectory C:\Users\Aruna Vishvanathan\eclipse-workspace\sedtproject\src\main\resources
2026-03-16 22:11:42,097 [Worker-30: Launching FifthQuestion] INFO  o.a.m.s.f.DefaultMavenResourcesFiltering - skip non existing resourceDirectory C:\Users\Aruna Vishvanathan\eclipse-workspace\sedtproject\src\test\resources
2026-03-16 22:11:42,707 [Worker-37: Building] INFO  o.a.m.s.f.DefaultMavenResourcesFiltering - skip non existing resourceDirectory C:\Users\Aruna Vishvanathan\eclipse-workspace\sedtproject\src\main\resources
2026-03-16 22:11:42,709 [Worker-37: Building] INFO  o.a.m.s.f.DefaultMavenResourcesFiltering - skip non existing resourceDirectory C:\Users\Aruna Vishvanathan\eclipse-workspace\sedtproject\src\test\resources
2026-03-16 22:11:43,147 [Worker-28: Download sources and javadoc] INFO  o.e.m.c.i.e.AbstractTransferListenerAdapter - Downloading https://repo.maven.apache.org/maven2/org/testng/testng/7.6.0/testng-7.6.0-sources.jar
2026-03-16 22:11:43,497 [Worker-28: Download sources and javadoc] INFO  o.e.m.c.i.e.AbstractTransferListenerAdapter - Downloaded https://repo.maven.apache.org/maven2/org/testng/testng/7.6.0/testng-7.6.0-sources.jar
2026-03-16 22:11:43,565 [Worker-28: Download sources and javadoc] INFO  o.e.m.j.internal.DownloadSourcesJob - Downloaded sources for org.testng:testng:7.6.0
2026-03-16 22:11:43,717 [Worker-28: Download sources and javadoc] INFO  o.e.m.c.i.e.AbstractTransferListenerAdapter - Downloading https://repo.maven.apache.org/maven2/com/google/code/findbugs/jsr305/3.0.2/jsr305-3.0.2-sources.jar
2026-03-16 22:11:43,995 [Worker-28: Download sources and javadoc] INFO  o.e.m.c.i.e.AbstractTransferListenerAdapter - Downloaded https://repo.maven.apache.org/maven2/com/google/code/findbugs/jsr305/3.0.2/jsr305-3.0.2-sources.jar
2026-03-16 22:11:44,253 [Worker-28: Download sources and javadoc] INFO  o.e.m.j.internal.DownloadSourcesJob - Downloaded sources for com.google.code.findbugs:jsr305:3.0.2
2026-03-16 22:11:44,504 [Worker-28: Download sources and javadoc] INFO  o.e.m.c.i.e.AbstractTransferListenerAdapter - Downloading https://repo.maven.apache.org/maven2/org/webjars/jquery/3.6.0/jquery-3.6.0-sources.jar
2026-03-16 22:11:44,756 [Worker-28: Download sources and javadoc] INFO  o.e.m.c.i.e.AbstractTransferListenerAdapter - Downloaded https://repo.maven.apache.org/maven2/org/webjars/jquery/3.6.0/jquery-3.6.0-sources.jar
2026-03-16 22:11:44,846 [Worker-28: Download sources and javadoc] INFO  o.e.m.j.internal.DownloadSourcesJob - Downloaded sources for org.webjars:jquery:3.6.0
2026-03-16 22:11:45,142 [Worker-34: Building] INFO  o.a.m.s.f.DefaultMavenResourcesFiltering - skip non existing resourceDirectory C:\Users\Aruna Vishvanathan\eclipse-workspace\sedtproject\src\main\resources
2026-03-16 22:11:45,143 [Worker-34: Building] INFO  o.a.m.s.f.DefaultMavenResourcesFiltering - skip non existing resourceDirectory C:\Users\Aruna Vishvanathan\eclipse-workspace\sedtproject\src\test\resources
2026-03-16 22:16:51,620 [Worker-24: Launching FifthQuestion] INFO  o.a.m.s.f.DefaultMavenResourcesFiltering - skip non existing resourceDirectory C:\Users\Aruna Vishvanathan\eclipse-workspace\sedtproject\src\main\resources
2026-03-16 22:16:51,627 [Worker-24: Launching FifthQuestion] INFO  o.a.m.s.f.DefaultMavenResourcesFiltering - skip non existing resourceDirectory C:\Users\Aruna Vishvanathan\eclipse-workspace\sedtproject\src\test\resources
2026-03-16 22:23:37,801 [Worker-40: Launching FifthQuestion] INFO  o.a.m.s.f.DefaultMavenResourcesFiltering - skip non existing resourceDirectory C:\Users\Aruna Vishvanathan\eclipse-workspace\sedtproject\src\main\resources
2026-03-16 22:23:37,807 [Worker-40: Launching FifthQuestion] INFO  o.a.m.s.f.DefaultMavenResourcesFiltering - skip non existing resourceDirectory C:\Users\Aruna Vishvanathan\eclipse-workspace\sedtproject\src\test\resources
2026-03-16 22:26:58,674 [Worker-24: Launching FifthQuestion] INFO  o.a.m.s.f.DefaultMavenResourcesFiltering - skip non existing resourceDirectory C:\Users\Aruna Vishvanathan\eclipse-workspace\sedtproject\src\main\resources
2026-03-16 22:26:58,676 [Worker-24: Launching FifthQuestion] INFO  o.a.m.s.f.DefaultMavenResourcesFiltering - skip non existing resourceDirectory C:\Users\Aruna Vishvanathan\eclipse-workspace\sedtproject\src\test\resources
2026-03-16 22:28:51,562 [Worker-24: Launching FifthQuestion] INFO  o.a.m.s.f.DefaultMavenResourcesFiltering - skip non existing resourceDirectory C:\Users\Aruna Vishvanathan\eclipse-workspace\sedtproject\src\main\resources
2026-03-16 22:28:51,566 [Worker-24: Launching FifthQuestion] INFO  o.a.m.s.f.DefaultMavenResourcesFiltering - skip non existing resourceDirectory C:\Users\Aruna Vishvanathan\eclipse-workspace\sedtproject\src\test\resources
2026-03-16 22:33:59,917 [Worker-47: Launching FifthQuestion] INFO  o.a.m.s.f.DefaultMavenResourcesFiltering - skip non existing resourceDirectory C:\Users\Aruna Vishvanathan\eclipse-workspace\sedtproject\src\main\resources
2026-03-16 22:33:59,922 [Worker-47: Launching FifthQuestion] INFO  o.a.m.s.f.DefaultMavenResourcesFiltering - skip non existing resourceDirectory C:\Users\Aruna Vishvanathan\eclipse-workspace\sedtproject\src\test\resources
2026-03-16 22:38:23,573 [Worker-52: Launching FifthQuestion] INFO  o.a.m.s.f.DefaultMavenResourcesFiltering - skip non existing resourceDirectory C:\Users\Aruna Vishvanathan\eclipse-workspace\sedtproject\src\main\resources
2026-03-16 22:38:23,579 [Worker-52: Launching FifthQuestion] INFO  o.a.m.s.f.DefaultMavenResourcesFiltering - skip non existing resourceDirectory C:\Users\Aruna Vishvanathan\eclipse-workspace\sedtproject\src\test\resources
2026-03-16 22:42:26,417 [Worker-55: Launching FifthQuestion] INFO  o.a.m.s.f.DefaultMavenResourcesFiltering - skip non existing resourceDirectory C:\Users\Aruna Vishvanathan\eclipse-workspace\sedtproject\src\main\resources
2026-03-16 22:42:26,419 [Worker-55: Launching FifthQuestion] INFO  o.a.m.s.f.DefaultMavenResourcesFiltering - skip non existing resourceDirectory C:\Users\Aruna Vishvanathan\eclipse-workspace\sedtproject\src\test\resources
2026-03-16 22:47:12,347 [Worker-55: Launching FifthQuestion] INFO  o.a.m.s.f.DefaultMavenResourcesFiltering - skip non existing resourceDirectory C:\Users\Aruna Vishvanathan\eclipse-workspace\sedtproject\src\main\resources
2026-03-16 22:47:12,349 [Worker-55: Launching FifthQuestion] INFO  o.a.m.s.f.DefaultMavenResourcesFiltering - skip non existing resourceDirectory C:\Users\Aruna Vishvanathan\eclipse-workspace\sedtproject\src\test\resources
2026-03-16 22:53:50,389 [Worker-64: Launching FifthQuestion] INFO  o.a.m.s.f.DefaultMavenResourcesFiltering - skip non existing resourceDirectory C:\Users\Aruna Vishvanathan\eclipse-workspace\sedtproject\src\main\resources
2026-03-16 22:53:50,391 [Worker-64: Launching FifthQuestion] INFO  o.a.m.s.f.DefaultMavenResourcesFiltering - skip non existing resourceDirectory C:\Users\Aruna Vishvanathan\eclipse-workspace\sedtproject\src\test\resources
2026-03-16 22:55:10,156 [Worker-55: Launching FifthQuestion] INFO  o.a.m.s.f.DefaultMavenResourcesFiltering - skip non existing resourceDirectory C:\Users\Aruna Vishvanathan\eclipse-workspace\sedtproject\src\main\resources
2026-03-16 22:55:10,158 [Worker-55: Launching FifthQuestion] INFO  o.a.m.s.f.DefaultMavenResourcesFiltering - skip non existing resourceDirectory C:\Users\Aruna Vishvanathan\eclipse-workspace\sedtproject\src\test\resources
2026-03-16 22:59:55,473 [Worker-69: Launching FifthQuestion] INFO  o.a.m.s.f.DefaultMavenResourcesFiltering - skip non existing resourceDirectory C:\Users\Aruna Vishvanathan\eclipse-workspace\sedtproject\src\main\resources
2026-03-16 22:59:55,477 [Worker-69: Launching FifthQuestion] INFO  o.a.m.s.f.DefaultMavenResourcesFiltering - skip non existing resourceDirectory C:\Users\Aruna Vishvanathan\eclipse-workspace\sedtproject\src\test\resources
2026-03-16 23:04:46,761 [Worker-69: Launching FifthQuestion] INFO  o.a.m.s.f.DefaultMavenResourcesFiltering - skip non existing resourceDirectory C:\Users\Aruna Vishvanathan\eclipse-workspace\sedtproject\src\main\resources
2026-03-16 23:04:46,765 [Worker-69: Launching FifthQuestion] INFO  o.a.m.s.f.DefaultMavenResourcesFiltering - skip non existing resourceDirectory C:\Users\Aruna Vishvanathan\eclipse-workspace\sedtproject\src\test\resources
2026-03-16 23:06:17,088 [Worker-68: Launching FifthQuestion] INFO  o.a.m.s.f.DefaultMavenResourcesFiltering - skip non existing resourceDirectory C:\Users\Aruna Vishvanathan\eclipse-workspace\sedtproject\src\main\resources
2026-03-16 23:06:17,107 [Worker-68: Launching FifthQuestion] INFO  o.a.m.s.f.DefaultMavenResourcesFiltering - skip non existing resourceDirectory C:\Users\Aruna Vishvanathan\eclipse-workspace\sedtproject\src\test\resources
2026-03-16 23:07:54,959 [Worker-69: Launching FifthQuestion] INFO  o.a.m.s.f.DefaultMavenResourcesFiltering - skip non existing resourceDirectory C:\Users\Aruna Vishvanathan\eclipse-workspace\sedtproject\src\main\resources
2026-03-16 23:07:54,962 [Worker-69: Launching FifthQuestion] INFO  o.a.m.s.f.DefaultMavenResourcesFiltering - skip non existing resourceDirectory C:\Users\Aruna Vishvanathan\eclipse-workspace\sedtproject\src\test\resources
2026-03-16 23:09:26,215 [Worker-68: Launching FifthQuestion] INFO  o.a.m.s.f.DefaultMavenResourcesFiltering - skip non existing resourceDirectory C:\Users\Aruna Vishvanathan\eclipse-workspace\sedtproject\src\main\resources
2026-03-16 23:09:26,218 [Worker-68: Launching FifthQuestion] INFO  o.a.m.s.f.DefaultMavenResourcesFiltering - skip non existing resourceDirectory C:\Users\Aruna Vishvanathan\eclipse-workspace\sedtproject\src\test\resources
2026-03-16 23:10:37,442 [Worker-74: Launching FifthQuestion] INFO  o.a.m.s.f.DefaultMavenResourcesFiltering - skip non existing resourceDirectory C:\Users\Aruna Vishvanathan\eclipse-workspace\sedtproject\src\main\resources
2026-03-16 23:10:37,444 [Worker-74: Launching FifthQuestion] INFO  o.a.m.s.f.DefaultMavenResourcesFiltering - skip non existing resourceDirectory C:\Users\Aruna Vishvanathan\eclipse-workspace\sedtproject\src\test\resources
2026-03-16 23:11:42,047 [Worker-77: Launching FifthQuestion] INFO  o.a.m.s.f.DefaultMavenResourcesFiltering - skip non existing resourceDirectory C:\Users\Aruna Vishvanathan\eclipse-workspace\sedtproject\src\main\resources
2026-03-16 23:11:42,049 [Worker-77: Launching FifthQuestion] INFO  o.a.m.s.f.DefaultMavenResourcesFiltering - skip non existing resourceDirectory C:\Users\Aruna Vishvanathan\eclipse-workspace\sedtproject\src\test\resources
2026-03-16 23:23:47,265 [Worker-83: Launching FifthQuestion] INFO  o.a.m.s.f.DefaultMavenResourcesFiltering - skip non existing resourceDirectory C:\Users\Aruna Vishvanathan\eclipse-workspace\sedtproject\src\main\resources
2026-03-16 23:23:47,267 [Worker-83: Launching FifthQuestion] INFO  o.a.m.s.f.DefaultMavenResourcesFiltering - skip non existing resourceDirectory C:\Users\Aruna Vishvanathan\eclipse-workspace\sedtproject\src\test\resources
2026-03-16 23:24:41,805 [Worker-80: Launching FifthQuestion] INFO  o.a.m.s.f.DefaultMavenResourcesFiltering - skip non existing resourceDirectory C:\Users\Aruna Vishvanathan\eclipse-workspace\sedtproject\src\main\resources
2026-03-16 23:24:41,810 [Worker-80: Launching FifthQuestion] INFO  o.a.m.s.f.DefaultMavenResourcesFiltering - skip non existing resourceDirectory C:\Users\Aruna Vishvanathan\eclipse-workspace\sedtproject\src\test\resources
2026-03-16 23:34:37,915 [Worker-80: Launching FifthQuestion] INFO  o.a.m.s.f.DefaultMavenResourcesFiltering - skip non existing resourceDirectory C:\Users\Aruna Vishvanathan\eclipse-workspace\sedtproject\src\main\resources
2026-03-16 23:34:37,922 [Worker-80: Launching FifthQuestion] INFO  o.a.m.s.f.DefaultMavenResourcesFiltering - skip non existing resourceDirectory C:\Users\Aruna Vishvanathan\eclipse-workspace\sedtproject\src\test\resources
2026-03-16 23:37:19,994 [Worker-79: Launching FifthQuestion] INFO  o.a.m.s.f.DefaultMavenResourcesFiltering - skip non existing resourceDirectory C:\Users\Aruna Vishvanathan\eclipse-workspace\sedtproject\src\main\resources
2026-03-16 23:37:19,996 [Worker-79: Launching FifthQuestion] INFO  o.a.m.s.f.DefaultMavenResourcesFiltering - skip non existing resourceDirectory C:\Users\Aruna Vishvanathan\eclipse-workspace\sedtproject\src\test\resources
2026-03-16 23:40:30,860 [Worker-85: Launching FifthQuestion] INFO  o.a.m.s.f.DefaultMavenResourcesFiltering - skip non existing resourceDirectory C:\Users\Aruna Vishvanathan\eclipse-workspace\sedtproject\src\main\resources
2026-03-16 23:40:30,864 [Worker-85: Launching FifthQuestion] INFO  o.a.m.s.f.DefaultMavenResourcesFiltering - skip non existing resourceDirectory C:\Users\Aruna Vishvanathan\eclipse-workspace\sedtproject\src\test\resources
2026-03-16 23:47:11,699 [Worker-91: Launching FifthQuestion] INFO  o.a.m.s.f.DefaultMavenResourcesFiltering - skip non existing resourceDirectory C:\Users\Aruna Vishvanathan\eclipse-workspace\sedtproject\src\main\resources
2026-03-16 23:47:11,702 [Worker-91: Launching FifthQuestion] INFO  o.a.m.s.f.DefaultMavenResourcesFiltering - skip non existing resourceDirectory C:\Users\Aruna Vishvanathan\eclipse-workspace\sedtproject\src\test\resources
2026-03-16 23:50:02,784 [Worker-92: Launching FifthQuestion] INFO  o.a.m.s.f.DefaultMavenResourcesFiltering - skip non existing resourceDirectory C:\Users\Aruna Vishvanathan\eclipse-workspace\sedtproject\src\main\resources
2026-03-16 23:50:02,786 [Worker-92: Launching FifthQuestion] INFO  o.a.m.s.f.DefaultMavenResourcesFiltering - skip non existing resourceDirectory C:\Users\Aruna Vishvanathan\eclipse-workspace\sedtproject\src\test\resources
2026-03-16 23:51:18,143 [Worker-90: Launching FifthQuestion] INFO  o.a.m.s.f.DefaultMavenResourcesFiltering - skip non existing resourceDirectory C:\Users\Aruna Vishvanathan\eclipse-workspace\sedtproject\src\main\resources
2026-03-16 23:51:18,150 [Worker-90: Launching FifthQuestion] INFO  o.a.m.s.f.DefaultMavenResourcesFiltering - skip non existing resourceDirectory C:\Users\Aruna Vishvanathan\eclipse-workspace\sedtproject\src\test\resources
2026-03-16 23:52:21,346 [Worker-85: Launching FifthQuestion] INFO  o.a.m.s.f.DefaultMavenResourcesFiltering - skip non existing resourceDirectory C:\Users\Aruna Vishvanathan\eclipse-workspace\sedtproject\src\main\resources
2026-03-16 23:52:21,353 [Worker-85: Launching FifthQuestion] INFO  o.a.m.s.f.DefaultMavenResourcesFiltering - skip non existing resourceDirectory C:\Users\Aruna Vishvanathan\eclipse-workspace\sedtproject\src\test\resources
2026-03-16 23:57:19,623 [Worker-85: Launching FifthQuestion] INFO  o.a.m.s.f.DefaultMavenResourcesFiltering - skip non existing resourceDirectory C:\Users\Aruna Vishvanathan\eclipse-workspace\sedtproject\src\main\resources
2026-03-16 23:57:19,625 [Worker-85: Launching FifthQuestion] INFO  o.a.m.s.f.DefaultMavenResourcesFiltering - skip non existing resourceDirectory C:\Users\Aruna Vishvanathan\eclipse-workspace\sedtproject\src\test\resources
2026-03-16 23:57:51,470 [Worker-85: Building] INFO  o.a.m.s.f.DefaultMavenResourcesFiltering - skip non existing resourceDirectory C:\Users\Aruna Vishvanathan\eclipse-workspace\sedtproject\src\main\resources
2026-03-16 23:57:51,471 [Worker-85: Building] INFO  o.a.m.s.f.DefaultMavenResourcesFiltering - skip non existing resourceDirectory C:\Users\Aruna Vishvanathan\eclipse-workspace\sedtproject\src\test\resources
2026-03-16 23:59:48,120 [Worker-94: Launching FifthQuestion] INFO  o.a.m.s.f.DefaultMavenResourcesFiltering - skip non existing resourceDirectory C:\Users\Aruna Vishvanathan\eclipse-workspace\sedtproject\src\main\resources
2026-03-16 23:59:48,125 [Worker-94: Launching FifthQuestion] INFO  o.a.m.s.f.DefaultMavenResourcesFiltering - skip non existing resourceDirectory C:\Users\Aruna Vishvanathan\eclipse-workspace\sedtproject\src\test\resources
2026-03-17 00:02:56,230 [Worker-90: Launching FifthQuestion] INFO  o.a.m.s.f.DefaultMavenResourcesFiltering - skip non existing resourceDirectory C:\Users\Aruna Vishvanathan\eclipse-workspace\sedtproject\src\main\resources
2026-03-17 00:02:56,236 [Worker-90: Launching FifthQuestion] INFO  o.a.m.s.f.DefaultMavenResourcesFiltering - skip non existing resourceDirectory C:\Users\Aruna Vishvanathan\eclipse-workspace\sedtproject\src\test\resources
2026-03-17 00:07:41,269 [Worker-99: Updating Maven Dependencies] ERROR o.e.m.c.i.p.r.ProjectRegistryRefreshJob - Resource '/sedtproject/pom.xml' does not exist.
org.eclipse.core.internal.resources.ResourceException: Resource '/sedtproject/pom.xml' does not exist.
	at org.eclipse.core.internal.resources.Resource.checkExists(Resource.java:330)
	at org.eclipse.core.internal.resources.Resource.checkAccessible(Resource.java:204)
	at org.eclipse.core.internal.resources.Resource.deleteMarkers(Resource.java:801)
	at org.eclipse.m2e.core.internal.markers.MavenMarkerManager.deleteMarkers(MavenMarkerManager.java:250)
	at org.eclipse.m2e.core.internal.markers.MavenMarkerManager.deleteMarkers(MavenMarkerManager.java:244)
	at org.eclipse.m2e.core.internal.project.registry.ProjectRegistryManager.readMavenProjectFacades(ProjectRegistryManager.java:716)
	at org.eclipse.m2e.core.internal.project.registry.ProjectRegistryManager.refresh(ProjectRegistryManager.java:431)
	at org.eclipse.m2e.core.internal.project.registry.ProjectRegistryManager.refresh(ProjectRegistryManager.java:364)
	at org.eclipse.m2e.core.internal.project.registry.ProjectRegistryRefreshJob.lambda$4(ProjectRegistryRefreshJob.java:141)
	at org.eclipse.m2e.core.internal.embedder.MavenExecutionContext.executeBare(MavenExecutionContext.java:179)
	at org.eclipse.m2e.core.internal.embedder.MavenExecutionContext.execute(MavenExecutionContext.java:153)
	at org.eclipse.m2e.core.internal.embedder.MavenExecutionContext.execute(MavenExecutionContext.java:101)
	at org.eclipse.m2e.core.internal.embedder.MavenImpl.execute(MavenImpl.java:1370)
	at org.eclipse.m2e.core.internal.project.registry.ProjectRegistryRefreshJob.lambda$0(ProjectRegistryRefreshJob.java:140)
	at org.eclipse.m2e.core.internal.embedder.MavenExecutionContext.executeBare(MavenExecutionContext.java:179)
	at org.eclipse.m2e.core.internal.embedder.MavenExecutionContext.execute(MavenExecutionContext.java:153)
	at org.eclipse.m2e.core.internal.embedder.MavenExecutionContext.execute(MavenExecutionContext.java:101)
	at org.eclipse.m2e.core.internal.embedder.MavenImpl.execute(MavenImpl.java:1374)
	at org.eclipse.m2e.core.internal.project.registry.ProjectRegistryRefreshJob.run(ProjectRegistryRefreshJob.java:84)
	at org.eclipse.core.internal.jobs.Worker.run(Worker.java:63)
Caused by: java.lang.Exception: Resource '/sedtproject/pom.xml' does not exist.
	at org.eclipse.core.internal.resources.ResourceException.provideStackTrace(ResourceException.java:42)
	at org.eclipse.core.internal.resources.ResourceException.<init>(ResourceException.java:38)
	... 20 common frames omitted
2026-03-17 00:07:50,324 [Worker-100: Building] INFO  o.e.m.c.i.l.LifecycleMappingFactory - Using org.eclipse.m2e.jdt.JarLifecycleMapping lifecycle mapping for MavenProject: com.testing:sedtproject:0.0.1-SNAPSHOT @ C:\Users\Aruna Vishvanathan\eclipse-workspace\MavenProjestSDET\pom.xml.
2026-03-17 00:07:51,871 [Worker-100: Building] INFO  o.a.m.s.f.DefaultMavenResourcesFiltering - skip non existing resourceDirectory C:\Users\Aruna Vishvanathan\eclipse-workspace\MavenProjestSDET\src\main\resources
2026-03-17 00:07:51,874 [Worker-100: Building] INFO  o.a.m.s.f.DefaultMavenResourcesFiltering - skip non existing resourceDirectory C:\Users\Aruna Vishvanathan\eclipse-workspace\MavenProjestSDET\src\test\resources
2026-03-17 00:07:52,276 [Worker-98: Building] INFO  o.a.m.s.f.DefaultMavenResourcesFiltering - skip non existing resourceDirectory C:\Users\Aruna Vishvanathan\eclipse-workspace\MavenProjestSDET\src\main\resources
2026-03-17 00:07:52,278 [Worker-98: Building] INFO  o.a.m.s.f.DefaultMavenResourcesFiltering - skip non existing resourceDirectory C:\Users\Aruna Vishvanathan\eclipse-workspace\MavenProjestSDET\src\test\resources
2026-03-17 00:11:48,712 [Worker-99: Launching FifthQuestion] INFO  o.a.m.s.f.DefaultMavenResourcesFiltering - skip non existing resourceDirectory C:\Users\Aruna Vishvanathan\eclipse-workspace\MavenProjestSDET\src\main\resources
2026-03-17 00:11:48,723 [Worker-99: Launching FifthQuestion] INFO  o.a.m.s.f.DefaultMavenResourcesFiltering - skip non existing resourceDirectory C:\Users\Aruna Vishvanathan\eclipse-workspace\MavenProjestSDET\src\test\resources
2026-03-17 00:14:11,440 [Worker-99: Launching FifthQuestion] INFO  o.a.m.s.f.DefaultMavenResourcesFiltering - skip non existing resourceDirectory C:\Users\Aruna Vishvanathan\eclipse-workspace\MavenProjestSDET\src\main\resources
2026-03-17 00:14:11,444 [Worker-99: Launching FifthQuestion] INFO  o.a.m.s.f.DefaultMavenResourcesFiltering - skip non existing resourceDirectory C:\Users\Aruna Vishvanathan\eclipse-workspace\MavenProjestSDET\src\test\resources
2026-03-17 00:19:13,543 [Worker-101: Launching FifthQuestion] INFO  o.a.m.s.f.DefaultMavenResourcesFiltering - skip non existing resourceDirectory C:\Users\Aruna Vishvanathan\eclipse-workspace\MavenProjestSDET\src\main\resources
2026-03-17 00:19:13,548 [Worker-101: Launching FifthQuestion] INFO  o.a.m.s.f.DefaultMavenResourcesFiltering - skip non existing resourceDirectory C:\Users\Aruna Vishvanathan\eclipse-workspace\MavenProjestSDET\src\test\resources
2026-03-17 00:22:38,962 [Worker-107: Launching FifthQuestion] INFO  o.a.m.s.f.DefaultMavenResourcesFiltering - skip non existing resourceDirectory C:\Users\Aruna Vishvanathan\eclipse-workspace\MavenProjestSDET\src\main\resources
2026-03-17 00:22:38,976 [Worker-107: Launching FifthQuestion] INFO  o.a.m.s.f.DefaultMavenResourcesFiltering - skip non existing resourceDirectory C:\Users\Aruna Vishvanathan\eclipse-workspace\MavenProjestSDET\src\test\resources
2026-03-17 00:23:53,176 [Worker-107: Building] INFO  o.a.m.s.f.DefaultMavenResourcesFiltering - skip non existing resourceDirectory C:\Users\Aruna Vishvanathan\eclipse-workspace\MavenProjestSDET\src\main\resources
2026-03-17 00:23:53,188 [Worker-107: Building] INFO  o.a.m.s.f.DefaultMavenResourcesFiltering - skip non existing resourceDirectory C:\Users\Aruna Vishvanathan\eclipse-workspace\MavenProjestSDET\src\test\resources
2026-03-17 00:24:10,087 [Worker-108: Building] INFO  o.a.m.s.f.DefaultMavenResourcesFiltering - skip non existing resourceDirectory C:\Users\Aruna Vishvanathan\eclipse-workspace\MavenProjestSDET\src\main\resources
2026-03-17 00:24:10,137 [Worker-108: Building] INFO  o.a.m.s.f.DefaultMavenResourcesFiltering - skip non existing resourceDirectory C:\Users\Aruna Vishvanathan\eclipse-workspace\MavenProjestSDET\src\test\resources
2026-03-17 12:21:06,967 [Worker-3: Loading available Gradle versions] INFO  o.e.b.c.i.u.g.PublishedGradleVersions - Gradle version information cache is up-to-date. Trying to read.
2026-03-17 12:21:16,172 [Worker-3: Building] INFO  o.e.m.c.i.l.LifecycleMappingFactory - Using org.eclipse.m2e.jdt.JarLifecycleMapping lifecycle mapping for MavenProject: com.testing:sedtproject:0.0.1-SNAPSHOT @ C:\Users\Aruna Vishvanathan\eclipse-workspace\MavenProjestSDET\pom.xml.
2026-03-17 12:21:16,172 [Worker-2: Updating Maven Dependencies] INFO  o.e.m.c.i.l.LifecycleMappingFactory - Using org.eclipse.m2e.jdt.JarLifecycleMapping lifecycle mapping for MavenProject: com.testing:sedtproject:0.0.1-SNAPSHOT @ C:\Users\Aruna Vishvanathan\eclipse-workspace\MavenProjestSDET\pom.xml.
2026-03-17 12:21:24,139 [Worker-3: Building] INFO  o.a.m.s.f.DefaultMavenResourcesFiltering - skip non existing resourceDirectory C:\Users\Aruna Vishvanathan\eclipse-workspace\MavenProjestSDET\src\main\resources
2026-03-17 12:21:24,314 [Worker-3: Building] INFO  o.a.m.s.f.DefaultMavenResourcesFiltering - skip non existing resourceDirectory C:\Users\Aruna Vishvanathan\eclipse-workspace\MavenProjestSDET\src\test\resources
2026-03-17 12:21:24,317 [Worker-19: Updating Maven Dependencies] INFO  o.e.m.c.i.l.LifecycleMappingFactory - Using org.eclipse.m2e.jdt.JarLifecycleMapping lifecycle mapping for MavenProject: com.testing:sedtproject:0.0.1-SNAPSHOT @ C:\Users\Aruna Vishvanathan\eclipse-workspace\MavenProjestSDET\pom.xml.
2026-03-17 12:21:29,630 [Worker-3: Building] INFO  o.e.m.c.i.l.LifecycleMappingFactory - Using org.eclipse.m2e.jdt.JarLifecycleMapping lifecycle mapping for MavenProject: SDET1:Test:0.0.1-SNAPSHOT @ C:\Users\Aruna Vishvanathan\eclipse-workspace\Test\pom.xml.
2026-03-17 12:21:29,630 [Worker-19: Updating Maven Dependencies] INFO  o.e.m.c.i.l.LifecycleMappingFactory - Using org.eclipse.m2e.jdt.JarLifecycleMapping lifecycle mapping for MavenProject: SDET1:Test:0.0.1-SNAPSHOT @ C:\Users\Aruna Vishvanathan\eclipse-workspace\Test\pom.xml.
2026-03-17 12:21:31,374 [Worker-3: Building] INFO  o.e.m.c.i.embedder.EclipseLogger - Using 'UTF-8' encoding to copy filtered resources.
2026-03-17 12:21:31,374 [Worker-3: Building] INFO  o.e.m.c.i.embedder.EclipseLogger - skip non existing resourceDirectory C:\Users\Aruna Vishvanathan\eclipse-workspace\Test\src\main\resources
2026-03-17 12:21:31,376 [Worker-3: Building] INFO  o.e.m.c.i.embedder.EclipseLogger - Using 'UTF-8' encoding to copy filtered resources.
2026-03-17 12:21:31,376 [Worker-3: Building] INFO  o.e.m.c.i.embedder.EclipseLogger - skip non existing resourceDirectory C:\Users\Aruna Vishvanathan\eclipse-workspace\Test\src\test\resources
2026-03-17 12:21:32,588 [Worker-15: Updating Maven Dependencies] INFO  o.e.m.c.i.l.LifecycleMappingFactory - Using org.eclipse.m2e.jdt.JarLifecycleMapping lifecycle mapping for MavenProject: com.testing:sedtproject:0.0.1-SNAPSHOT @ C:\Users\Aruna Vishvanathan\eclipse-workspace\MavenProjestSDET\pom.xml.
2026-03-17 12:21:32,979 [Worker-15: Updating Maven Dependencies] INFO  o.e.m.c.i.l.LifecycleMappingFactory - Using org.eclipse.m2e.jdt.JarLifecycleMapping lifecycle mapping for MavenProject: SDET1:Test:0.0.1-SNAPSHOT @ C:\Users\Aruna Vishvanathan\eclipse-workspace\Test\pom.xml.
2026-03-17 12:21:33,726 [Worker-17: Building] INFO  o.a.m.s.f.DefaultMavenResourcesFiltering - skip non existing resourceDirectory C:\Users\Aruna Vishvanathan\eclipse-workspace\MavenProjestSDET\src\main\resources
2026-03-17 12:21:33,729 [Worker-17: Building] INFO  o.a.m.s.f.DefaultMavenResourcesFiltering - skip non existing resourceDirectory C:\Users\Aruna Vishvanathan\eclipse-workspace\MavenProjestSDET\src\test\resources
2026-03-17 12:21:33,870 [Worker-17: Building] INFO  o.e.m.c.i.embedder.EclipseLogger - Using 'UTF-8' encoding to copy filtered resources.
2026-03-17 12:21:33,870 [Worker-17: Building] INFO  o.e.m.c.i.embedder.EclipseLogger - skip non existing resourceDirectory C:\Users\Aruna Vishvanathan\eclipse-workspace\Test\src\main\resources
2026-03-17 12:21:33,872 [Worker-17: Building] INFO  o.e.m.c.i.embedder.EclipseLogger - Using 'UTF-8' encoding to copy filtered resources.
2026-03-17 12:21:33,872 [Worker-17: Building] INFO  o.e.m.c.i.embedder.EclipseLogger - skip non existing resourceDirectory C:\Users\Aruna Vishvanathan\eclipse-workspace\Test\src\test\resources
2026-03-17 12:48:46,641 [Worker-36: Building] INFO  o.a.m.s.f.DefaultMavenResourcesFiltering - skip non existing resourceDirectory C:\Users\Aruna Vishvanathan\eclipse-workspace\MavenProjestSDET\src\main\resources
2026-03-17 12:48:46,644 [Worker-36: Building] INFO  o.a.m.s.f.DefaultMavenResourcesFiltering - skip non existing resourceDirectory C:\Users\Aruna Vishvanathan\eclipse-workspace\MavenProjestSDET\src\test\resources
2026-03-17 12:54:41,958 [Worker-39: Building] INFO  o.a.m.s.f.DefaultMavenResourcesFiltering - skip non existing resourceDirectory C:\Users\Aruna Vishvanathan\eclipse-workspace\MavenProjestSDET\src\main\resources
2026-03-17 12:54:41,960 [Worker-39: Building] INFO  o.a.m.s.f.DefaultMavenResourcesFiltering - skip non existing resourceDirectory C:\Users\Aruna Vishvanathan\eclipse-workspace\MavenProjestSDET\src\test\resources
2026-03-17 12:56:32,829 [Worker-40: Building] INFO  o.a.m.s.f.DefaultMavenResourcesFiltering - skip non existing resourceDirectory C:\Users\Aruna Vishvanathan\eclipse-workspace\MavenProjestSDET\src\main\resources
2026-03-17 12:56:32,831 [Worker-40: Building] INFO  o.a.m.s.f.DefaultMavenResourcesFiltering - skip non existing resourceDirectory C:\Users\Aruna Vishvanathan\eclipse-workspace\MavenProjestSDET\src\test\resources
2026-03-17 12:57:09,328 [Worker-40: Building] INFO  o.a.m.s.f.DefaultMavenResourcesFiltering - skip non existing resourceDirectory C:\Users\Aruna Vishvanathan\eclipse-workspace\MavenProjestSDET\src\main\resources
2026-03-17 12:57:09,330 [Worker-40: Building] INFO  o.a.m.s.f.DefaultMavenResourcesFiltering - skip non existing resourceDirectory C:\Users\Aruna Vishvanathan\eclipse-workspace\MavenProjestSDET\src\test\resources
2026-03-17 13:01:40,396 [Worker-38: Building] INFO  o.a.m.s.f.DefaultMavenResourcesFiltering - skip non existing resourceDirectory C:\Users\Aruna Vishvanathan\eclipse-workspace\MavenProjestSDET\src\main\resources
2026-03-17 13:01:40,397 [Worker-38: Building] INFO  o.a.m.s.f.DefaultMavenResourcesFiltering - skip non existing resourceDirectory C:\Users\Aruna Vishvanathan\eclipse-workspace\MavenProjestSDET\src\test\resources
2026-03-17 13:02:18,268 [Worker-38: Building] INFO  o.a.m.s.f.DefaultMavenResourcesFiltering - skip non existing resourceDirectory C:\Users\Aruna Vishvanathan\eclipse-workspace\MavenProjestSDET\src\main\resources
2026-03-17 13:02:18,271 [Worker-38: Building] INFO  o.a.m.s.f.DefaultMavenResourcesFiltering - skip non existing resourceDirectory C:\Users\Aruna Vishvanathan\eclipse-workspace\MavenProjestSDET\src\test\resources
2026-03-17 13:03:24,075 [Worker-42: Launching FifthQuestion] INFO  o.a.m.s.f.DefaultMavenResourcesFiltering - skip non existing resourceDirectory C:\Users\Aruna Vishvanathan\eclipse-workspace\MavenProjestSDET\src\main\resources
2026-03-17 13:03:24,081 [Worker-42: Launching FifthQuestion] INFO  o.a.m.s.f.DefaultMavenResourcesFiltering - skip non existing resourceDirectory C:\Users\Aruna Vishvanathan\eclipse-workspace\MavenProjestSDET\src\test\resources
2026-03-17 13:07:40,580 [Worker-38: Building] INFO  o.a.m.s.f.DefaultMavenResourcesFiltering - skip non existing resourceDirectory C:\Users\Aruna Vishvanathan\eclipse-workspace\MavenProjestSDET\src\main\resources
2026-03-17 13:07:40,582 [Worker-38: Building] INFO  o.a.m.s.f.DefaultMavenResourcesFiltering - skip non existing resourceDirectory C:\Users\Aruna Vishvanathan\eclipse-workspace\MavenProjestSDET\src\test\resources
2026-03-17 13:08:31,224 [Worker-40: Building] INFO  o.a.m.s.f.DefaultMavenResourcesFiltering - skip non existing resourceDirectory C:\Users\Aruna Vishvanathan\eclipse-workspace\MavenProjestSDET\src\main\resources
2026-03-17 13:08:31,226 [Worker-40: Building] INFO  o.a.m.s.f.DefaultMavenResourcesFiltering - skip non existing resourceDirectory C:\Users\Aruna Vishvanathan\eclipse-workspace\MavenProjestSDET\src\test\resources
2026-03-17 13:09:22,764 [Worker-38: Building] INFO  o.a.m.s.f.DefaultMavenResourcesFiltering - skip non existing resourceDirectory C:\Users\Aruna Vishvanathan\eclipse-workspace\MavenProjestSDET\src\main\resources
2026-03-17 13:09:22,766 [Worker-38: Building] INFO  o.a.m.s.f.DefaultMavenResourcesFiltering - skip non existing resourceDirectory C:\Users\Aruna Vishvanathan\eclipse-workspace\MavenProjestSDET\src\test\resources
2026-03-17 13:11:40,547 [Worker-43: Building] INFO  o.a.m.s.f.DefaultMavenResourcesFiltering - skip non existing resourceDirectory C:\Users\Aruna Vishvanathan\eclipse-workspace\MavenProjestSDET\src\main\resources
2026-03-17 13:11:40,549 [Worker-43: Building] INFO  o.a.m.s.f.DefaultMavenResourcesFiltering - skip non existing resourceDirectory C:\Users\Aruna Vishvanathan\eclipse-workspace\MavenProjestSDET\src\test\resources
2026-03-17 13:37:41,254 [Worker-49: Building] INFO  o.a.m.s.f.DefaultMavenResourcesFiltering - skip non existing resourceDirectory C:\Users\Aruna Vishvanathan\eclipse-workspace\MavenProjestSDET\src\main\resources
2026-03-17 13:37:41,258 [Worker-49: Building] INFO  o.a.m.s.f.DefaultMavenResourcesFiltering - skip non existing resourceDirectory C:\Users\Aruna Vishvanathan\eclipse-workspace\MavenProjestSDET\src\test\resources
2026-03-17 13:39:26,696 [Worker-51: Building] INFO  o.a.m.s.f.DefaultMavenResourcesFiltering - skip non existing resourceDirectory C:\Users\Aruna Vishvanathan\eclipse-workspace\MavenProjestSDET\src\main\resources
2026-03-17 13:39:26,697 [Worker-51: Building] INFO  o.a.m.s.f.DefaultMavenResourcesFiltering - skip non existing resourceDirectory C:\Users\Aruna Vishvanathan\eclipse-workspace\MavenProjestSDET\src\test\resources
2026-03-17 13:42:31,645 [Worker-47: Updating Maven Project] INFO  o.e.m.c.i.p.ProjectConfigurationManager - Update started
2026-03-17 13:42:31,946 [Worker-47: Updating Maven Project] INFO  o.e.m.c.i.l.LifecycleMappingFactory - Using org.eclipse.m2e.jdt.JarLifecycleMapping lifecycle mapping for MavenProject: com.testing:sedtproject:0.0.1-SNAPSHOT @ C:\Users\Aruna Vishvanathan\eclipse-workspace\MavenProjestSDET\pom.xml.
2026-03-17 13:42:32,327 [Worker-47: Updating Maven Project] INFO  o.e.m.j.i.AbstractJavaProjectConfigurator - Adding source folder /MavenProjestSDET/src/main/java
2026-03-17 13:42:32,328 [Worker-47: Updating Maven Project] INFO  o.e.m.j.i.AbstractJavaProjectConfigurator - Adding source folder /MavenProjestSDET/src/test/java
2026-03-17 13:42:32,626 [Worker-47: Updating Maven Project] INFO  o.e.m.c.i.p.ProjectConfigurationManager - Update completed: 0 sec
2026-03-17 13:42:33,125 [Worker-47: Building] INFO  o.a.m.s.f.DefaultMavenResourcesFiltering - skip non existing resourceDirectory C:\Users\Aruna Vishvanathan\eclipse-workspace\MavenProjestSDET\src\main\resources
2026-03-17 13:42:33,128 [Worker-47: Building] INFO  o.a.m.s.f.DefaultMavenResourcesFiltering - skip non existing resourceDirectory C:\Users\Aruna Vishvanathan\eclipse-workspace\MavenProjestSDET\src\test\resources
2026-03-17 13:44:20,080 [Worker-53: Building] INFO  o.a.m.s.f.DefaultMavenResourcesFiltering - skip non existing resourceDirectory C:\Users\Aruna Vishvanathan\eclipse-workspace\MavenProjestSDET\src\main\resources
2026-03-17 13:44:20,082 [Worker-53: Building] INFO  o.a.m.s.f.DefaultMavenResourcesFiltering - skip non existing resourceDirectory C:\Users\Aruna Vishvanathan\eclipse-workspace\MavenProjestSDET\src\test\resources
2026-03-17 13:45:51,784 [Worker-48: Building] INFO  o.a.m.s.f.DefaultMavenResourcesFiltering - skip non existing resourceDirectory C:\Users\Aruna Vishvanathan\eclipse-workspace\MavenProjestSDET\src\main\resources
2026-03-17 13:45:51,785 [Worker-48: Building] INFO  o.a.m.s.f.DefaultMavenResourcesFiltering - skip non existing resourceDirectory C:\Users\Aruna Vishvanathan\eclipse-workspace\MavenProjestSDET\src\test\resources
2026-03-17 13:49:46,241 [Worker-57: Launching MavenProjestSDET_testng.xml] INFO  o.a.m.s.f.DefaultMavenResourcesFiltering - skip non existing resourceDirectory C:\Users\Aruna Vishvanathan\eclipse-workspace\MavenProjestSDET\src\main\resources
2026-03-17 13:49:46,244 [Worker-57: Launching MavenProjestSDET_testng.xml] INFO  o.a.m.s.f.DefaultMavenResourcesFiltering - skip non existing resourceDirectory C:\Users\Aruna Vishvanathan\eclipse-workspace\MavenProjestSDET\src\test\resources
2026-03-17 13:54:37,570 [Worker-47: Launching MavenProjestSDET_testng.xml] INFO  o.a.m.s.f.DefaultMavenResourcesFiltering - skip non existing resourceDirectory C:\Users\Aruna Vishvanathan\eclipse-workspace\MavenProjestSDET\src\main\resources
2026-03-17 13:54:37,572 [Worker-47: Launching MavenProjestSDET_testng.xml] INFO  o.a.m.s.f.DefaultMavenResourcesFiltering - skip non existing resourceDirectory C:\Users\Aruna Vishvanathan\eclipse-workspace\MavenProjestSDET\src\test\resources
2026-03-17 13:57:17,408 [Worker-66: Launching MavenProjestSDET_testng.xml] INFO  o.a.m.s.f.DefaultMavenResourcesFiltering - skip non existing resourceDirectory C:\Users\Aruna Vishvanathan\eclipse-workspace\MavenProjestSDET\src\main\resources
2026-03-17 13:57:17,410 [Worker-66: Launching MavenProjestSDET_testng.xml] INFO  o.a.m.s.f.DefaultMavenResourcesFiltering - skip non existing resourceDirectory C:\Users\Aruna Vishvanathan\eclipse-workspace\MavenProjestSDET\src\test\resources
2026-03-17 13:58:53,361 [Worker-67: Launching MavenProjestSDET_testng.xml] INFO  o.a.m.s.f.DefaultMavenResourcesFiltering - skip non existing resourceDirectory C:\Users\Aruna Vishvanathan\eclipse-workspace\MavenProjestSDET\src\main\resources
2026-03-17 13:58:53,366 [Worker-67: Launching MavenProjestSDET_testng.xml] INFO  o.a.m.s.f.DefaultMavenResourcesFiltering - skip non existing resourceDirectory C:\Users\Aruna Vishvanathan\eclipse-workspace\MavenProjestSDET\src\test\resources
2026-03-17 14:02:47,680 [Worker-69: Launching MavenProjestSDET_testng.xml] INFO  o.a.m.s.f.DefaultMavenResourcesFiltering - skip non existing resourceDirectory C:\Users\Aruna Vishvanathan\eclipse-workspace\MavenProjestSDET\src\main\resources
2026-03-17 14:02:47,688 [Worker-69: Launching MavenProjestSDET_testng.xml] INFO  o.a.m.s.f.DefaultMavenResourcesFiltering - skip non existing resourceDirectory C:\Users\Aruna Vishvanathan\eclipse-workspace\MavenProjestSDET\src\test\resources
2026-03-17 14:06:44,969 [Worker-63: Building] INFO  o.a.m.s.f.DefaultMavenResourcesFiltering - skip non existing resourceDirectory C:\Users\Aruna Vishvanathan\eclipse-workspace\MavenProjestSDET\src\main\resources
2026-03-17 14:06:44,973 [Worker-63: Building] INFO  o.a.m.s.f.DefaultMavenResourcesFiltering - skip non existing resourceDirectory C:\Users\Aruna Vishvanathan\eclipse-workspace\MavenProjestSDET\src\test\resources
2026-03-17 14:07:51,116 [Worker-63: Launching MavenProjestSDET_testng.xml] INFO  o.a.m.s.f.DefaultMavenResourcesFiltering - skip non existing resourceDirectory C:\Users\Aruna Vishvanathan\eclipse-workspace\MavenProjestSDET\src\main\resources
2026-03-17 14:07:51,121 [Worker-63: Launching MavenProjestSDET_testng.xml] INFO  o.a.m.s.f.DefaultMavenResourcesFiltering - skip non existing resourceDirectory C:\Users\Aruna Vishvanathan\eclipse-workspace\MavenProjestSDET\src\test\resources
2026-03-17 14:09:53,588 [Worker-63: Launching MavenProjestSDET_testng.xml] INFO  o.a.m.s.f.DefaultMavenResourcesFiltering - skip non existing resourceDirectory C:\Users\Aruna Vishvanathan\eclipse-workspace\MavenProjestSDET\src\main\resources
2026-03-17 14:09:53,594 [Worker-63: Launching MavenProjestSDET_testng.xml] INFO  o.a.m.s.f.DefaultMavenResourcesFiltering - skip non existing resourceDirectory C:\Users\Aruna Vishvanathan\eclipse-workspace\MavenProjestSDET\src\test\resources
2026-03-17 14:16:43,753 [Worker-71: Launching MavenProjestSDET_testng.xml] INFO  o.a.m.s.f.DefaultMavenResourcesFiltering - skip non existing resourceDirectory C:\Users\Aruna Vishvanathan\eclipse-workspace\MavenProjestSDET\src\main\resources
2026-03-17 14:16:43,757 [Worker-71: Launching MavenProjestSDET_testng.xml] INFO  o.a.m.s.f.DefaultMavenResourcesFiltering - skip non existing resourceDirectory C:\Users\Aruna Vishvanathan\eclipse-workspace\MavenProjestSDET\src\test\resources
